participant_id	hindi_corr	hindi_incorr	hindi_RT	hindi_block	display
sub-pp001	1.0	0.0	2523.7999999988824	1.0	train1_1
sub-pp001	0.0	1.0	1314.60000000149	1.0	train1_1
sub-pp001	1.0	0.0	1089.9000000003723	1.0	train1_1
sub-pp001	1.0	0.0	2158.10000000149	1.0	train1_1
sub-pp001	0.0	1.0	912.7999999988824	1.0	train1_1
sub-pp001	0.0	1.0	2435.0999999996275	1.0	train1_1
sub-pp001	1.0	0.0	1954.199999999255	1.0	train1_1
sub-pp001	0.0	1.0	908.5999999996276	1.0	train1_1
sub-pp001	0.0	1.0	1757.9000000003723	1.0	train1_1
sub-pp001	1.0	0.0	1191.699999999255	1.0	train1_1
sub-pp001	0.0	1.0	1407.7000000011176	1.0	train1_1
sub-pp001	0.0	1.0	2374.5	1.0	train1_1
sub-pp001	1.0	0.0	1489.199999999255	1.0	train1_1
sub-pp001	0.0	1.0	1090.9000000003723	1.0	train1_1
sub-pp001	1.0	0.0	1935.0	1.0	train1_1
sub-pp001	0.0	1.0	792.8000000007451	1.0	train1_1
sub-pp001	0.0	1.0	929.6999999992548	1.0	train1_1
sub-pp001	1.0	0.0	1655.0	1.0	train1_1
sub-pp001	1.0	0.0	701.0999999996275	1.0	train1_1
sub-pp001	1.0	0.0	1130.4000000003723	1.0	train1_1
sub-pp001	1.0	0.0	2726.0999999996275	2.0	train1_2
sub-pp001	0.0	1.0	866.9000000003725	2.0	train1_2
sub-pp001	0.0	1.0	975.0	2.0	train1_2
sub-pp001	1.0	0.0	1515.5999999996277	2.0	train1_2
sub-pp001	1.0	0.0	1366.699999999255	2.0	train1_2
sub-pp001	0.0	1.0	982.8000000007452	2.0	train1_2
sub-pp001	0.0	1.0	758.0999999996275	2.0	train1_2
sub-pp001	1.0	0.0	1567.5	2.0	train1_2
sub-pp001	1.0	0.0	595.7999999988824	2.0	train1_2
sub-pp001	0.0	1.0	963.0	2.0	train1_2
sub-pp001	0.0	1.0	916.4000000003724	2.0	train1_2
sub-pp001	0.0	1.0	1845.599999999628	2.0	train1_2
sub-pp001	0.0	1.0	1369.0999999996277	2.0	train1_2
sub-pp001	0.0	1.0	1320.2999999988824	2.0	train1_2
sub-pp001	1.0	0.0	2294.9000000003725	2.0	train1_2
sub-pp001	1.0	0.0	1542.7000000011176	2.0	train1_2
sub-pp001	0.0	1.0	966.0999999996276	2.0	train1_2
sub-pp001	0.0	1.0	953.4000000003724	2.0	train1_2
sub-pp001	1.0	0.0	1250.699999999255	2.0	train1_2
sub-pp001	1.0	0.0	2318.0999999996275	2.0	train1_2
sub-pp001	1.0	0.0	1709.199999999255	3.0	train1_3
sub-pp001	0.0	1.0	2064.4000000003725	3.0	train1_3
sub-pp001	1.0	0.0	906.0	3.0	train1_3
sub-pp001	1.0	0.0	1190.9000000003723	3.0	train1_3
sub-pp001	0.0	1.0	1210.7000000011176	3.0	train1_3
sub-pp001	1.0	0.0	819.6999999992549	3.0	train1_3
sub-pp001	1.0	0.0	1926.800000000745	3.0	train1_3
sub-pp001	1.0	0.0	799.8999999985099	3.0	train1_3
sub-pp001	1.0	0.0	1201.9000000003723	3.0	train1_3
sub-pp001	1.0	0.0	1370.2000000011176	3.0	train1_3
sub-pp001	1.0	0.0	1385.4000000003723	3.0	train1_3
sub-pp001	1.0	0.0	896.3999999985099	3.0	train1_3
sub-pp001	0.0	1.0	976.9000000003724	3.0	train1_3
sub-pp001	0.0	1.0	907.1999999992548	3.0	train1_3
sub-pp001	1.0	0.0	601.1000000014901	3.0	train1_3
sub-pp001	0.0	1.0	411.6999999992549	3.0	train1_3
sub-pp001	1.0	0.0	1333.0	3.0	train1_3
sub-pp001	0.0	1.0	771.0999999996275	3.0	train1_3
sub-pp001	0.0	1.0	1089.4000000003723	3.0	train1_3
sub-pp001	0.0	1.0	1178.89999999851	3.0	train1_3
sub-pp001	0.0	1.0	725.0	4.0	train1_4
sub-pp001	1.0	0.0	593.9000000003725	4.0	train1_4
sub-pp001	1.0	0.0	862.7999999988824	4.0	train1_4
sub-pp001	1.0	0.0	1214.699999999255	4.0	train1_4
sub-pp001	1.0	0.0	799.5999999996275	4.0	train1_4
sub-pp001	1.0	0.0	1362.9000000003723	4.0	train1_4
sub-pp001	1.0	0.0	687.5999999996275	4.0	train1_4
sub-pp001	0.0	1.0	1492.699999999255	4.0	train1_4
sub-pp001	0.0	1.0	694.5999999996275	4.0	train1_4
sub-pp001	1.0	0.0	970.89999999851	4.0	train1_4
sub-pp001	1.0	0.0	644.0999999996275	4.0	train1_4
sub-pp001	0.0	1.0	707.6999999992549	4.0	train1_4
sub-pp001	1.0	0.0	734.0	4.0	train1_4
sub-pp001	1.0	0.0	1139.10000000149	4.0	train1_4
sub-pp001	0.0	1.0	939.0	4.0	train1_4
sub-pp001	0.0	1.0	1094.2999999988824	4.0	train1_4
sub-pp001	1.0	0.0	525.7000000011176	4.0	train1_4
sub-pp001	1.0	0.0	1347.0	4.0	train1_4
sub-pp001	1.0	0.0	1010.8000000007452	4.0	train1_4
sub-pp001	0.0	1.0	1525.4000000003723	4.0	train1_4
sub-pp001	0.0	1.0	1647.7999999988824	5.0	train1_5
sub-pp001	0.0	1.0	2559.39999999851	5.0	train1_5
sub-pp001	0.0	1.0	848.1000000014901	5.0	train1_5
sub-pp001	1.0	0.0	2265.5	5.0	train1_5
sub-pp001	0.0	1.0	786.0999999996275	5.0	train1_5
sub-pp001	0.0	1.0	1302.2000000011176	5.0	train1_5
sub-pp001	0.0	1.0	1423.4000000003723	5.0	train1_5
sub-pp001	1.0	0.0	2972.5999999996275	5.0	train1_5
sub-pp001	1.0	0.0	1348.800000000745	5.0	train1_5
sub-pp001	1.0	0.0	912.39999999851	5.0	train1_5
sub-pp001	0.0	1.0	744.0	5.0	train1_5
sub-pp001	0.0	1.0	934.4000000003724	5.0	train1_5
sub-pp001	1.0	0.0	625.5	5.0	train1_5
sub-pp001	0.0	1.0	1315.300000000745	5.0	train1_5
sub-pp001	0.0	1.0	1168.0999999996277	5.0	train1_5
sub-pp001	0.0	1.0	907.5999999996276	5.0	train1_5
sub-pp001	0.0	1.0	1085.0	5.0	train1_5
sub-pp001	0.0	1.0	1006.1999999992548	5.0	train1_5
sub-pp001	1.0	0.0	808.0999999996275	5.0	train1_5
sub-pp001	0.0	1.0	1492.0999999996277	5.0	train1_5
sub-pp001	1.0	0.0	1308.699999999255	6.0	train1_6
sub-pp001	0.0	1.0	823.8000000007451	6.0	train1_6
sub-pp001	1.0	0.0	1277.0999999996277	6.0	train1_6
sub-pp001	0.0	1.0	1157.199999999255	6.0	train1_6
sub-pp001	1.0	0.0	1062.2000000011176	6.0	train1_6
sub-pp001	0.0	1.0	2300.0999999996275	6.0	train1_6
sub-pp001	1.0	0.0	1202.2000000011176	6.0	train1_6
sub-pp001	1.0	0.0	857.5	6.0	train1_6
sub-pp001	0.0	1.0	3145.199999999255	6.0	train1_6
sub-pp001	0.0	1.0	1562.4000000003723	6.0	train1_6
sub-pp001	0.0	1.0	788.2999999988824	6.0	train1_6
sub-pp001	1.0	0.0	1169.7999999988824	6.0	train1_6
sub-pp001	0.0	1.0	633.0	6.0	train1_6
sub-pp001	0.0	1.0	1461.5	6.0	train1_6
sub-pp001	1.0	0.0	926.0999999996276	6.0	train1_6
sub-pp001	0.0	1.0	1040.2000000011176	6.0	train1_6
sub-pp001	0.0	1.0	698.8999999985099	6.0	train1_6
sub-pp001	0.0	1.0	606.1000000014901	6.0	train1_6
sub-pp001	0.0	1.0	1517.699999999255	6.0	train1_6
sub-pp001	1.0	0.0	848.9000000003725	6.0	train1_6
sub-pp001	1.0	0.0	1805.699999999255	7.0	train1_7
sub-pp001	0.0	1.0	733.1999999992549	7.0	train1_7
sub-pp001	1.0	0.0	1251.2000000011176	7.0	train1_7
sub-pp001	0.0	1.0	949.89999999851	7.0	train1_7
sub-pp001	1.0	0.0	1780.199999999255	7.0	train1_7
sub-pp001	1.0	0.0	762.5999999996275	7.0	train1_7
sub-pp001	0.0	1.0	614.9000000003725	7.0	train1_7
sub-pp001	0.0	1.0	1143.4000000003723	7.0	train1_7
sub-pp001	1.0	0.0	1545.4000000003723	7.0	train1_7
sub-pp001	0.0	1.0	721.0	7.0	train1_7
sub-pp001	1.0	0.0	1231.0	7.0	train1_7
sub-pp001	1.0	0.0	1783.199999999255	7.0	train1_7
sub-pp001	0.0	1.0	1318.699999999255	7.0	train1_7
sub-pp001	1.0	0.0	1224.2000000011176	7.0	train1_7
sub-pp001	1.0	0.0	870.0	7.0	train1_7
sub-pp001	0.0	1.0	824.0	7.0	train1_7
sub-pp001	0.0	1.0	953.7999999988824	7.0	train1_7
sub-pp001	0.0	1.0	1715.0999999996277	7.0	train1_7
sub-pp001	0.0	1.0	1393.7999999988824	7.0	train1_7
sub-pp001	1.0	0.0	1099.0999999996277	7.0	train1_7
sub-pp001	0.0	1.0	1171.5999999996277	8.0	train1_8
sub-pp001	1.0	0.0	657.0999999996275	8.0	train1_8
sub-pp001	1.0	0.0	2478.0	8.0	train1_8
sub-pp001	1.0	0.0	1479.4000000003723	8.0	train1_8
sub-pp001	1.0	0.0	673.5	8.0	train1_8
sub-pp001	1.0	0.0	1123.800000000745	8.0	train1_8
sub-pp001	0.0	1.0	1363.800000000745	8.0	train1_8
sub-pp001	1.0	0.0	1160.300000000745	8.0	train1_8
sub-pp001	1.0	0.0	1178.199999999255	8.0	train1_8
sub-pp001	1.0	0.0	1208.89999999851	8.0	train1_8
sub-pp001	0.0	1.0	1088.4000000003723	8.0	train1_8
sub-pp001	0.0	1.0	1310.800000000745	8.0	train1_8
sub-pp001	1.0	0.0	1177.5999999996277	8.0	train1_8
sub-pp001	1.0	0.0	1485.0999999996277	8.0	train1_8
sub-pp001	1.0	0.0	1457.199999999255	8.0	train1_8
sub-pp001	1.0	0.0	1289.0999999996277	8.0	train1_8
sub-pp001	1.0	0.0	1395.7000000011176	8.0	train1_8
sub-pp001	1.0	0.0	1890.4000000003723	8.0	train1_8
sub-pp001	1.0	0.0	1793.4000000003723	8.0	train1_8
sub-pp001	0.0	1.0	1296.5999999996277	8.0	train1_8
sub-pp001	0.0	1.0	1150.7999999988824	9.0	train1_9
sub-pp001	1.0	0.0	1475.0999999996277	9.0	train1_9
sub-pp001	0.0	1.0	775.5999999996275	9.0	train1_9
sub-pp001	1.0	0.0	1350.800000000745	9.0	train1_9
sub-pp001	1.0	0.0	1151.0	9.0	train1_9
sub-pp001	0.0	1.0	1080.699999999255	9.0	train1_9
sub-pp001	0.0	1.0	1057.5	9.0	train1_9
sub-pp001	0.0	1.0	1402.5999999996277	9.0	train1_9
sub-pp001	1.0	0.0	1787.2000000011176	9.0	train1_9
sub-pp001	1.0	0.0	1238.300000000745	9.0	train1_9
sub-pp001	0.0	1.0	1508.5999999996277	9.0	train1_9
sub-pp001	1.0	0.0	1207.5	9.0	train1_9
sub-pp001	0.0	1.0	1150.5	9.0	train1_9
sub-pp001	0.0	1.0	885.8999999985099	9.0	train1_9
sub-pp001	0.0	1.0	1532.699999999255	9.0	train1_9
sub-pp001	1.0	0.0	1509.5	9.0	train1_9
sub-pp001	1.0	0.0	1650.9000000003723	9.0	train1_9
sub-pp001	0.0	1.0	2614.199999999255	9.0	train1_9
sub-pp001	0.0	1.0	1030.0	9.0	train1_9
sub-pp001	0.0	1.0	946.5999999996276	9.0	train1_9
sub-pp001	1.0	0.0	1174.7999999988824	10.0	train1_10
sub-pp001	0.0	1.0	1533.2000000011176	10.0	train1_10
sub-pp001	0.0	1.0	618.7999999988824	10.0	train1_10
sub-pp001	0.0	1.0	1172.0	10.0	train1_10
sub-pp001	0.0	1.0	1194.4000000003723	10.0	train1_10
sub-pp001	1.0	0.0	656.7999999988824	10.0	train1_10
sub-pp001	0.0	1.0	1249.89999999851	10.0	train1_10
sub-pp001	1.0	0.0	958.0999999996276	10.0	train1_10
sub-pp001	0.0	1.0	924.5999999996276	10.0	train1_10
sub-pp001	1.0	0.0	972.60000000149	10.0	train1_10
sub-pp001	0.0	1.0	1123.7999999988824	10.0	train1_10
sub-pp001	0.0	1.0	808.2999999988824	10.0	train1_10
sub-pp001	1.0	0.0	678.3999999985099	10.0	train1_10
sub-pp001	1.0	0.0	933.0999999996276	10.0	train1_10
sub-pp001	1.0	0.0	714.4000000003725	10.0	train1_10
sub-pp001	0.0	1.0	1526.4000000003723	10.0	train1_10
sub-pp001	0.0	1.0	1417.5999999996277	10.0	train1_10
sub-pp001	1.0	0.0	959.9000000003724	10.0	train1_10
sub-pp001	0.0	1.0	749.1000000014901	10.0	train1_10
sub-pp001	0.0	1.0	624.3000000007451	10.0	train1_10
