participant_id	purdue_dh_avg	purdue_ndh_avg	purdue_both_avg	purdue_dh_ndh_both_avg	purdue_assembly_avg	ran_tot_acc	ran_tot_rt	reading_text_acc	reading_text_rt	cvlt_tot_imm	cvlt_tot_recall	spelling_regular_acc	spelling_irregular_acc	spelling_pseudo_acc	spelling_tot_acc	spoon_acc	spoon_rt_manual	regular_acc	irregular_acc	pseudo_acc	regular_rt	irregular_rt	pseudo_rt	non_word_rep_span	non_word_rep_acc	phon_suppr_acc	phon_suppr_rt_manual	wordreading	apm_corr	apm_incorr	apm_rt	alerting	orienting	reorienting	inhibition	rtt_sub_corr	rtt_sub_incorr	rtt_sub_rt	finger_tapping_dominant	finger_tapping_nondominant	digit_for_span	digit_back_span	rtt_sum_corr	rtt_sum_incorr	rtt_sum_rt	corsi_back_span	brocanto_corr1	brocanto_incorr1	brocanto_rt1	brocanto_corr2	brocanto_incorr2	brocanto_rt2	brocanto_corr3	brocanto_incorr3	brocanto_rt3	mlat5_corr	mlat5_incorr	mlat5_rt	cvlt_long_corr	cvlt_long_incorr	cvlt_long_rt	artgram_corr	artgram_incorr	artgram_rt	corsi_for_span	amma_tonal	amma_rhythm	amma_total	hindi_score_weighted	brocanto	arith	fingertap	span_visual	span_verbal
sub-pp001	11.66666667	13.66666667	12.0	37.33333333	33.33333333	296.0	26.88	594.0	94.28	74.0	84.0	10	5	5	20	2	297.0	55	52	53	7.3825	9.526666667	11.4675	3.0	37.0	13	123.74	53.333333333333336	12.0	8.0	61263.61999999992	27.95017088174984	50.62074096116652	55.03035483035484	74.27242100964725	24.0	0.0	2468.3749999999905	57.2	50.8	7	4	40.0	0.0	2031.535000000027	8.0	26.0	13.0	2783.5179487179057	23.0	17.0	2972.6075000000187	26.0	14.0	2967.660000000056	14.0	10.0	7926.558333333426	38.0	6.0	1879.522727272728	10.0	2.0	27856.28333333329	7.0	18	18	36	297.0	75.0	64.0	54.0	15.0	11
sub-pp003	18.0	16.66666667	15.0	49.66666667	57.33333333	298.0	19.575	596.0	71.7	84.0	96.0	10	7	10	27	48	180.54	56	52	56	5.0275	6.273333333	7.62	3.0	53.0	19	90.97	54.66666666666666	12.0	8.0	60584.33499999046	4.674883720927937	24.82382629108406	20.067361111099444	49.83998435053985	31.0	0.0	1909.9000000030765	74.2	63.8	9	8	39.0	3.0	1862.4309523843583	8.0	32.0	7.0	2350.6051281965697	33.0	7.0	2169.135000014305	39.0	1.0	2083.077500009537	23.0	1.0	1766.8083333571751	42.0	2.0	1765.968181818258	11.0	1.0	42831.841666678585	6.0	26	26	52	473.0	104.0	70.0	69.0	14.0	17
sub-pp004	11.0	11.33333333	9.666666667	32.0	21.33333333	300.0	25.106666666666666	592.0	91.16	50.0	57.0	8	4	6	18	32	423.88	56	51	50	7.4275	9.55	12.52	3.0	40.0	11	92.84	52.333333333333336	4.0	19.0	2067.978260869565	41.9011042944785	54.84952100221079	47.92074253430189	29.936677115987493	19.0	1.0	2981.0290499999537	58.6	59.2	7	5	28.0	1.0	3021.7965517241573	5.0	18.0	22.0	814.4324999999953	22.0	18.0	597.3875	21.0	19.0	576.1750000000466	11.0	13.0	3537.716666666752	34.0	10.0	1271.3863636363635	1.0	11.0	1538.966666666558	7.0	12	10	22	324.0	61.0	47.0	58.900000000000006	12.0	12
sub-pp005	15.0	14.33333333	13.0	42.33333333	42.66666667	296.0	26.565	592.0	130.45	74.0	86.0	8	4	8	20	45	223.69	56	52	48	6.615	8.016666667	10.845	3.0	45.0	19	132.64	52.0	15.0	6.0	58417.90476190476	22.04833457275862	33.36290089215521	23.610628168856124	72.28231850273437	20.0	1.0	2781.4761904761904	64.8	57.8	6	6	32.0	1.0	2832.0	7.0	25.0	14.0	2378.794871794872	28.0	12.0	2198.9	23.0	17.0	1619.625	15.0	9.0	6773.208333333333	44.0	0.0	1494.1272727305238	10.0	2.0	41138.66666666666	4.0	17	16	33	294.0	76.0	52.0	61.3	11.0	12
sub-pp006	17.0	15.66666667	12.0	44.66666667	38.66666667	295.0	24.455	592.0	97.93	78.0	92.0	8	5	6	19	41	252.0	55	51	55	5.045	6.286666667	11.415	5.0	46.0	19	119.52	53.66666666666666	16.0	3.0	66423.49473684213	20.118496965732103	31.58943879096148	1.1275362303291558	78.36468531243452	27.0	1.0	2122.069392857132	68.6	64.2	6	5	39.0	1.0	1970.8575000000008	6.0	22.0	16.0	3569.7236842105017	26.0	14.0	2970.922500000056	27.0	13.0	3114.8374999999533	21.0	3.0	4158.979166666744	44.0	0.0	1936.0136363601143	7.0	4.0	73113.79090909092	7.0	23	25	48	306.0	75.0	66.0	66.4	13.0	11
sub-pp007	15.33333333	16.0	13.66666667	45.0	50.66666667	292.0	27.488333333333333	596.0	102.09	84.0	98.0	10	6	6	22	44	179.62	55	52	56	6.975	10.10666667	10.565	3.0	48.0	20	88.34	54.333333333333336	12.0	11.0	50221.57826086749	24.878827125317343	41.86243571762503	11.679450874168936	18.27529001622889	23.0	7.0	1987.029899966621	68.6	63.6	7	5	38.0	2.0	1953.421250016689	8.0	23.0	17.0	1983.809999996424	26.0	14.0	2218.1074999809266	29.0	11.0	2189.1425000071526	23.0	1.0	2790.0791666706405	44.0	0.0	1587.5227272727273	10.0	2.0	57062.81666670243	8.0	23	17	40	468.0	78.0	61.0	66.1	16.0	12
sub-pp008	15.66666667	15.33333333	13.0	44.0	44.0	288.0	24.383333333333336	594.0	96.34	87.0	102.0	9	8	7	24	43	165.77	56	52	56	7.0625	9.1	11.08	4.0	39.0	19	83.52	54.66666666666666	13.0	9.0	56692.27727278797	17.260125628140713	60.562232920430574	25.825587591024828	51.486133673706206	26.0	1.0	2118.54444443738	70.8	56.4	7	7	37.0	2.0	2022.4025640976736	6.0	20.0	19.0	1975.571794876685	24.0	16.0	1151.0875	20.0	20.0	1447.750000011921	14.0	10.0	4880.1541666686535	43.0	1.0	1429.090909090909	8.0	3.0	39306.118181792175	8.0	9	11	20	291.0	64.0	63.0	63.6	14.0	14
sub-pp009	15.33333333	15.66666667	12.33333333	43.33333333	44.0	295.0	27.495	592.0	122.75	86.0	99.0	6	5	9	20	15	341.12	56	59	49	5.975	7.063333333	9.6	3.0	41.0	13	97.19	54.66666666666666	6.0	17.0	25400.565217391264	16.435406698564634	32.57756539235413	11.99243697478994	74.11068781964298	17.0	2.0	3143.261052631579	57.2	49.8	7	4	32.0	0.0	2868.428125000006	7.0	22.0	17.0	2736.6076923075298	26.0	14.0	1887.570000000042	19.0	21.0	1810.032499999996	16.0	8.0	3658.774999999907	41.0	3.0	1786.2954545454545	7.0	5.0	26737.95	7.0	9	9	18	345.0	67.0	49.0	53.5	14.0	11
sub-pp010	13.33333333	13.33333333	11.0	37.66666667	40.0	299.0	19.755	596.0	75.49	88.0	102.0	8	6	3	17	3	296.76	55	51	53	4.5275	5.006666667	6.1125	3.0	47.0	17	105.74	53.0	8.0	8.0	80176.4375	5.610357450473714	20.70138888888892	10.095862470862471	51.120532245532274	26.0	0.0	2200.076923076923	73.2	59.6	7	7	38.0	1.0	2100.2328205128206	8.0	19.0	21.0	2579.075	22.0	18.0	2783.3	24.0	15.0	2728.5641025641025	20.0	4.0	3342.375	42.0	2.0	1448.2954545454545	10.0	2.0	66365.75	8.0	25	23	48	327.0	65.0	64.0	66.4	16.0	14
sub-pp011	13.33333333	13.66666667	10.33333333	37.33333333	34.66666667	295.0	35.365	592.0	87.91	72.0	85.0	10	8	8	26	7	250.25	56	51	53	7.765	9.24	9.6075	4.0	35.0	20	97.06	53.333333333333336	12.0	11.0	24087.439130434726	9.41904761904766	52.810398489718864	44.62730496453901	122.38691956882252	26.0	0.0	2238.01153846146	75.2	64.2	6	5	38.0	2.0	2035.03499999994	6.0	28.0	12.0	1646.1725000000326	29.0	11.0	1509.5300000000511	31.0	9.0	1912.462499999977	17.0	7.0	5532.658333333316	44.0	0.0	1509.5454545454545	9.0	3.0	35071.50000000001	8.0	26	23	49	591.0	88.0	64.0	69.7	14.0	11
sub-pp012	15.33333333	16.0	13.0	44.33333333	44.0	300.0	23.995000000000005	590.0	94.17	86.0	101.0	10	7	8	25	45	174.5	56	52	54	5.9125	7.956666667	9.82	3.0	42.0	16	98.06	54.0	7.0	16.0	32431.026086956423	31.695087521174457	65.11563095032022	24.68792452830189	82.10908198330878	22.0	0.0	2710.566409090892	61.6	49.0	6	5	33.0	2.0	2492.767828571504	8.0	24.0	16.0	2658.109999999998	32.0	8.0	2715.759999999997	39.0	1.0	2521.9599999999746	21.0	3.0	3184.145833333178	43.0	1.0	1689.7045454545455	10.0	2.0	27904.624999999924	9.0	11	10	21	300.0	95.0	55.0	55.3	17.0	11
sub-pp013	15.33333333	14.66666667	12.0	42.0	41.33333333	297.0	25.046666666666667	594.0	96.66	73.0	87.0	8	4	6	18	38	180.08	55	52	51	5.74	6.77	9.1075	4.0	52.0	14	85.78	52.66666666666666	14.0	5.0	68871.94736842105	18.2521960240407	70.92796780684108	35.54225352112678	66.01695736434112	28.0	1.0	1982.6896551724133	52.6	54.8	5	5	39.0	2.0	1868.3741463414635	6.0	21.0	19.0	2774.375	32.0	8.0	2263.15	24.0	16.0	2364.55	20.0	4.0	4016.75	43.0	1.0	1883.886363636364	10.0	2.0	34352.416666666664	7.0	15	15	30	273.0	77.0	67.0	53.7	13.0	10
sub-pp018	14.66666667	15.33333333	12.66666667	42.66666667	41.33333333	294.0	22.85166666666667	592.0	91.57	60.0	70.0	9	6	8	23	45	160.3	56	51	53	5.1875	7.496666667	8.035	3.0	46.0	20	84.0	53.333333333333336	11.0	4.0	92521.92666666806	12.78517675477309	40.28281573498964	29.11826933248705	49.20450936805332	26.0	0.0	2168.5730769210136	59.6	62.4	9	6	41.0	0.0	1922.2707317060813	7.0	22.0	16.0	2525.2105263165736	22.0	18.0	2760.972500000149	27.0	13.0	2655.3899999994783	22.0	2.0	3848.1666666666665	43.0	1.0	1531.8181818181818	5.0	7.0	52919.97500000149	9.0	20	19	39	330.0	71.0	67.0	61.0	16.0	15
sub-pp019	12.66666667	11.66666667	9.333333333	33.66666667	22.66666667	293.0	44.876666666666665	594.0	106.69	62.0	71.0	9	4	8	21	43	480.9	55	50	51	9.0175	9.863333333	13.4225	4.0	43.0	15	140.22	52.0	5.0	18.0	31536.89565217333	47.79492624366492	52.20072588582679	26.3673166322314	57.93174684283525	17.0	3.0	2904.7500000003724	59.4	52.4	5	4	27.0	7.0	2574.364705882528	5.0	20.0	20.0	2141.627500000224	15.0	25.0	1824.5875000001863	18.0	22.0	2731.942499999516	15.0	9.0	5791.862500001055	39.0	5.0	2035.772727272728	4.0	8.0	34428.59999999963	7.0	15	16	31	333.0	53.0	44.0	55.9	12.0	9
sub-pp020	15.0	15.0	11.33333333	41.33333333	37.33333333	298.0	27.215	596.0	83.02	74.0	86.0	9	5	6	20	24	241.57	56	51	49	6.8575	6.016666667	7.5	4.0	56.0	18	77.0	52.0	7.0	13.0	62966.93000001311	10.81543927648579	81.47057109557107	87.97222222222223	87.64583333333331	26.0	2.0	2064.9071428733214	72.0	63.2	7	5	38.0	0.0	2109.226315786964	9.0	23.0	17.0	2581.667500013113	16.0	24.0	1995.4074999898671	23.0	17.0	2556.632500004768	13.0	11.0	5599.658333341281	41.0	3.0	1683.7045454545455	7.0	5.0	41289.23333331943	8.0	8	9	17	318.0	62.0	64.0	67.6	17.0	12
sub-pp021	13.66666667	13.33333333	12.33333333	39.33333333	34.66666667	291.0	30.57166666666667	586.0	128.38	68.0	84.0	9	6	8	23	46	181.15	56	51	53	7.145	10.55333333	12.5075	4.0	51.0	18	86.38	53.333333333333336	9.0	9.0	67056.7333333335	42.82904283275013	58.13915587860947	17.7044040940616	100.2403985757183	27.0	4.0	1918.4070322581308	55.6	51.4	9	8	39.0	2.0	1863.486951219499	7.0	22.0	17.0	1960.3692307692284	32.0	8.0	2171.637500000012	33.0	7.0	1950.914999999956	14.0	10.0	4689.27500000014	42.0	2.0	1601.443181829019	9.0	3.0	26840.724999999937	8.0	14	16	30	423.0	87.0	66.0	53.5	15.0	17
sub-pp022	12.33333333	11.0	8.333333333	31.66666667	30.66666667	298.0	22.221666666666664	594.0	94.02	95.0	110.0	9	7	8	24	37	212.23	56	50	53	5.73	7.653333333	8.8875	3.0	40.0	9	92.06	53.0	13.0	10.0	36051.00000000005	21.73796791443852	59.69422222222221	9.677263157894744	29.213773992971085	22.0	2.0	2488.279166666694	80.0	64.4	6	5	32.0	2.0	2941.688235294074	6.0	23.0	17.0	1542.7099999999627	22.0	18.0	1702.869999999879	22.0	18.0	1805.9900000000137	20.0	4.0	3756.912499999938	44.0	0.0	1680.25	10.0	2.0	42021.16666666682	7.0	30	27	57	430.0	67.0	54.0	72.2	13.0	11
sub-pp023	16.0	13.33333333	12.33333333	41.66666667	40.0	300.0	24.125	596.0	95.53	51.0	58.0	9	6	8	23	43	251.5	56	50	53	5.935	7.906666667	8.8	4.0	52.0	17	123.22	53.0	6.0	14.0	64090.5549999997	9.918476591637043	39.38831168831172	18.42739898989901	85.93010591526775	26.0	1.0	2215.930333333002	63.0	57.6	7	5	38.0	1.0	2055.397435898582	6.0	24.0	15.0	1709.7179487160383	19.0	19.0	1263.1631578955996	18.0	21.0	1605.5615384601629	17.0	7.0	6675.441666666418	41.0	3.0	1801.1363636363635	8.0	4.0	24386.06666666766	9.0	20	21	41	399.0	61.0	64.0	60.3	15.0	12
sub-pp024	16.66666667	15.33333333	12.33333333	44.33333333	44.0	299.0	23.015	594.0	84.81	99.0	115.0	10	9	7	26	47	177.59	56	52	55	8.0925	9.976666667	11.305	4.0	47.0	20	78.18	54.333333333333336	12.0	9.0	57244.28095238266	23.24269997389075	41.012374813873976	0.3875317272875804	49.90050266016095	24.0	1.0	2386.912040007153	60.2	57.4	7	5	37.0	2.0	1933.238461541824	8.0	22.0	17.0	2941.310256415453	29.0	11.0	2474.994999995828	29.0	11.0	2546.44999999702	23.0	1.0	2775.945833337804	44.0	0.0	1492.220454508608	10.0	2.0	38122.24166665971	8.0	20	20	40	339.0	80.0	61.0	58.8	16.0	12
sub-pp025	16.66666667	11.66666667	11.0	39.33333333	36.0	298.0	25.275	596.0	170.0	85.0	98.0	8	3	5	16	46	254.54	56	52	56	7.6175	9.443333333	12.4425	3.0	37.0	19	114.33	54.66666666666666	18.0	5.0	53289.59565218636	10.4194125996288	45.4832746478873	41.42693661971833	44.927009456264784	26.0	5.0	1897.377419333304	54.2	48.6	7	7	39.0	4.0	1772.8465116467587	6.0	27.0	12.0	2525.4435897484805	25.0	14.0	3000.399999979215	26.0	13.0	3063.9564102246213	23.0	1.0	2630.5749999682107	40.0	4.0	1896.4545454545453	6.0	6.0	21842.308333337307	9.0	13	14	27	330.0	78.0	65.0	51.400000000000006	15.0	14
sub-pp026	14.66666667	14.66666667	12.66666667	42.0	40.0	298.0	44.16333333333333	582.0	163.68	61.0	69.0	6	2	3	11	47	215.53	56	39	50	11.8275	17.84666667	17.94	3.0	52.0	20	88.5	48.333333333333336	12.0	7.0	63968.647368406	1.645829006647773	54.53717463087549	66.05384615385401	74.91674491401113	20.0	1.0	2760.714285714286	47.2	40.2	9	8	33.0	3.0	2295.0327499443683	6.0	29.0	10.0	3360.9564101879414	35.0	5.0	2888.710000026226	28.0	12.0	2595.0275000572205	18.0	6.0	8784.108333329359	39.0	5.0	1803.2181818181944	8.0	4.0	55567.766666690506	5.0	16	15	31	285.0	92.0	53.0	43.7	11.0	17
sub-pp027	14.0	13.66666667	12.0	39.66666667	37.33333333	298.0	26.633333333333336	594.0	106.41	84.0	98.0	9	6	6	21	48	324.09	56	50	54	7.4475	9.58	10.02	4.0	52.0	16	104.57	53.333333333333336	8.0	15.0	34879.24347825672	51.48302469135797	23.650101010101025	-15.65906542056075	107.62866961217468	27.0	1.0	2117.4750000110694	56.2	53.2	7	6	37.0	1.0	2088.60263157832	7.0	19.0	21.0	1534.782499998808	22.0	18.0	1715.8925000041722	18.0	21.0	1652.06923077351	8.0	16.0	3475.7125000009933	44.0	0.0	1476.8636363636365	6.0	6.0	27479.558333307505	5.0	7	7	14	288.0	59.0	64.0	54.7	12.0	13
sub-pp030	13.0	13.66666667	12.0	37.66666667	41.33333333	297.0	34.36833333333333	592.0	110.16	72.0	85.0	10	4	5	19	42	351.63	55	50	49	7.5775	10.68	11.9425	4.0	45.0	16	126.25	51.333333333333336	13.0	5.0	72495.27777777778	15.482187804712169	77.29118541033438	37.39951017909078	79.00041731872716	24.0	0.0	2226.083333333333	56.4	54.8	7	5	39.0	0.0	2123.589743589744	5.0	20.0	20.0	2319.775	17.0	23.0	2971.65	26.0	14.0	2662.4	21.0	3.0	3856.5416666666665	43.0	1.0	1633.2272727272727	6.0	3.0	90466.22222222222	9.0	6	5	11	279.0	63.0	63.0	55.6	14.0	12
sub-pp031	17.66666667	15.0	13.66666667	46.33333333	42.66666667	298.0	29.343333333333334	594.0	112.69	84.0	97.0	9	8	9	26	41	236.53	56	50	54	9.31	13.12333333	13.8725	3.0	48.0	18		53.333333333333336	8.0	15.0	44253.03913045966	11.66507177033492	62.538352416658256	41.26071759021284	68.5233585858586	19.0	3.0	2638.052181805177	65.2	61.0	6	3	32.0	0.0	2476.515625	7.0	18.0	22.0	2694.717499995232	31.0	8.0	2040.048717951164	25.0	15.0	1979.440000003576	20.0	2.0	10834.781818194822	42.0	2.0	1830.7045454545453	10.0	1.0	78616.3272727186	8.0	20	20	40	285.0	74.0	51.0	63.1	15.0	9
sub-pp032	13.33333333	13.66666667	13.33333333	40.33333333	46.66666667	291.0	26.475	594.0	97.21	83.0	98.0	9	4	9	22	47	280.59	56	51	51	6.81	7.81	9.7825	3.0	43.0	19	106.41	52.66666666666666	7.0	16.0	17565.608695652172	5.201673147166275	36.28164754953076	20.57318194106512	82.55432900432902	29.0	2.0	1887.8064516129032	57.4	48.6	7	6	42.0	2.0	1753.0804545454548	6.0	22.0	18.0	2403.675	23.0	16.0	2115.6666666666665	20.0	20.0	1998.6	18.0	6.0	3611.4583333333335	43.0	1.0	1899.386363636364	9.0	3.0	24238.166666666668	6.0	13	11	24	514.0	65.0	71.0	53.0	12.0	13
sub-pp033	16.66666667	14.66666667	14.0	45.33333333	46.66666667	297.0	20.57166666666667	592.0	100.21	93.0	109.0	8	8	8	24	47	126.66	54	52	55	5.2425	6.566666667	8.8075	3.0	43.0	19	80.32	53.66666666666666	19.0	1.0	62237.34499999285	13.443925233644848	31.841820151679315	-2.580419580419573	55.32284278959816	27.0	1.0	2099.442857137748	87.8	73.2	7	4	41.0	0.0	1900.6658536573736	9.0	22.0	18.0	2633.6075000166893	29.0	11.0	2560.507500004768	30.0	9.0	2439.794871800985	23.0	1.0	3576.2208333313465	43.0	1.0	1608.0681818181818	11.0	1.0	64888.74166666468	9.0	28	27	55	444.0	81.0	68.0	80.5	18.0	11
sub-pp035	16.33333333	16.0	13.0	45.33333333	45.33333333	268.0	27.125	594.0	100.03	76.0	89.0	9	9	5	23	47	151.81	56	52	56	6.845	8.5	10.0275	3.0	40.0	18	100.0	54.66666666666666	14.0	8.0	54836.972727273	15.37960600720652	69.37917283809963	40.83505343511456	45.66219935383509	26.0	0.0	2255.384615384508	62.8	57.6	8	6	36.0	2.0	2062.907894736842	7.0	20.0	20.0	1212.327500000014	18.0	22.0	757.3075000000186	31.0	9.0	2041.4525000000367	17.0	7.0	6239.829166666605	40.0	4.0	1512.1818181818182	10.0	2.0	56987.65833333368	8.0	15	17	32	291.0	69.0	62.0	60.2	15.0	14
sub-pp036	15.66666667	14.33333333	13.0	43.0	42.66666667	298.0	26.94833333333333	590.0	96.79	92.0	106.0	9	5	5	19	47	248.29	55	50	49	6.9775	7.303333333	11.1975	4.0	45.0	16	103.34	51.333333333333336	10.0	8.0	67420.88888888889	36.47846987136086	62.580611327539714	45.30046948356812	64.02994042994044	15.0	1.0	2948.375	67.6	58.8	7	6	30.0	1.0	2863.257419354838	6.0	21.0	17.0	2774.236842105264	23.0	15.0	2542.157894736842	32.0	7.0	2806.48717948718	19.0	5.0	4882.166666666667	44.0	0.0	1859.8636363636365	8.0	4.0	31971.0	8.0	19	22	41	339.0	76.0	45.0	63.2	14.0	13
sub-pp038	16.0	16.66666667	14.0	46.66666667	52.0	293.0	27.21333333333333	594.0	130.06	71.0	83.0	9	6	5	20	40	574.5	55	51	51	8.3925	9.583333333	13.57	3.0	35.0	18	116.03	52.333333333333336	9.0	14.0	43522.69565217391	34.905302704424685	23.683352637230428	28.065787417012587	70.32505193705339	21.0	1.0	2671.681818181818	70.6	70.0	6	5	37.0	0.0	2213.675675675676	7.0	26.0	12.0	2577.184210526316	23.0	17.0	3147.875	29.0	10.0	3535.153846153846	19.0	5.0	3341.6666666666665	43.0	1.0	1910.7840909741144	6.0	0.0	138230.83333333334	5.0	26	22	48	303.0	78.0	58.0	70.3	12.0	11
sub-pp039	16.33333333	15.0	14.0	45.33333333	45.33333333	298.0	22.661666666666665	596.0	84.84	82.0	96.0	9	5	8	22	40	170.1	56	52	56	5.6275	6.863333333	6.5625	5.0	64.0	20	98.78	54.66666666666666	13.0	0.0	107751.76923076923	19.721103858925915	23.73964223295985	15.987134380087184	86.83333333333331	29.0	1.0	1967.233333333333	74.0	73.4	9	6	41.0	0.0	1872.0243902439024	9.0	22.0	17.0	2398.538461538461	28.0	11.0	2418.6666666666665	26.0	14.0	2191.55	23.0	1.0	4266.875	43.0	1.0	1546.2727272727273	11.0	0.0	56676.454545454544	6.0	23	20	43	330.0	76.0	70.0	73.7	15.0	15
sub-pp042	17.0	14.66666667	12.66666667	44.33333333	33.33333333	299.0	21.326666666666664	596.0	80.72	64.0	75.0	9	7	6	22	43	172.25	55	52	55	5.205	6.276666667	6.1	3.0	44.0	19	75.0	54.0	4.0	11.0	83778.69999999901	17.25204052913034	35.91729244341752	-2.2432914981882845	76.84248120300754	25.0	1.0	2219.965384616015	60.0	53.0	6	6	33.0	5.0	2065.3447368423404	8.0	26.0	14.0	3042.2699999997394	21.0	18.0	2443.0461538456952	24.0	16.0	2439.177499999851	15.0	9.0	5506.84166666586	42.0	2.0	1574.3181818181818	8.0	4.0	42515.34166666679	7.0	11	14	25	338.0	71.0	58.0	56.5	15.0	12
sub-pp043	17.66666667	14.33333333	12.33333333	44.33333333	45.33333333	297.0	25.81833333333333	594.0	115.47	82.0	95.0	10	6	9	25	48	252.47	56	49	53	7.76	9.463333333	17.5575	5.0	51.0	19	78.34	52.66666666666666	13.0	10.0	42078.85652176193	23.678637200736603	50.82168940333469	10.44672657252886	60.48680524841518	21.0	2.0	2533.782608706018	65.6	55.2	7	5	37.0	0.0	2204.937837800464	8.0	25.0	15.0	2673.220000016689	24.0	15.0	2736.282051282052	25.0	15.0	2625.914999985695	17.0	7.0	5895.237500011921	42.0	2.0	1829.1818181818185	5.0	7.0	45077.30000001192	7.0	22	19	41	288.0	74.0	58.0	60.4	15.0	12
sub-pp044	14.33333333	13.0	11.33333333	38.66666667	38.66666667	297.0	26.39333333333333	596.0	117.2	62.0	72.0	10	8	9	27	46	191.42	56	51	56	7.1275	9.543333333	7.88	4.0	43.0	17	90.98	54.333333333333336	15.0	5.0	64230.14499999955	16.185987347843366	47.24033430719328	33.3617021141323	37.03634808260188	29.0	1.0	1991.00853333224	71.2	62.6	9	8	40.0	0.0	1913.084999998659	9.0	26.0	13.0	2158.943589740839	29.0	11.0	2288.479999998957	33.0	7.0	2805.415000000596	19.0	5.0	4566.712499999751	41.0	3.0	2220.25227274678	10.0	2.0	56961.09999999652	9.0	18	18	36	493.0	88.0	69.0	66.9	18.0	17
sub-pp045	12.33333333	12.0	10.0	34.33333333	28.0	297.0	30.501666666666665	582.0	131.03	62.0	71.0	10	3	1	14	37	629.69	55	47	43	11.54	15.05333333	24.085	2.0	27.0	17	116.57	48.333333333333336	8.0	9.0	73261.5294117647	46.425556278031536	-7.559761282059753	5.02617946426119	50.16906475077428	16.0	1.0	3518.5882352941176	45.4	47.8	5	4	31.0	0.0	2891.4193548387098	6.0	16.0	23.0	2924.948717948718	19.0	19.0	3277.0263157894738	18.0	21.0	3291.538461538461	11.0	13.0	8926.708333333334	37.0	7.0	2656.40227271481	7.0	4.0	81455.27272727272	5.0	8	12	20	315.0	53.0	47.0	46.6	11.0	9
sub-pp046	12.0	10.66666667	8.333333333	31.0	29.33333333	294.0	27.78833333333333	590.0	107.47	75.0	88.0	9	7	8	24	45	174.42	55	52	52	8.44	10.59	11.635	4.0	51.0	19	86.81	53.0	13.0	10.0	25729.23478264394	20.72031407050269	44.964157856351335	40.27833856758866	60.74171537922308	28.0	1.0	2020.5896551691253	60.0	57.0	9	8	41.0	0.0	2062.721951205556	7.0	25.0	15.0	2714.1975000202656	29.0	11.0	2484.884999996424	26.0	12.0	2378.35526319554	22.0	2.0	3745.058333327373	44.0	0.0	1647.0431818311863	8.0	4.0	45656.74166663488	7.0	18	18	36	467.0	80.0	69.0	58.5	14.0	17
sub-pp048	14.33333333	15.0	11.33333333	40.33333333	40.0	297.0	25.855	596.0	93.1	79.0	92.0	8	8	6	22	40	130.28	56	50	55	6.6025	9.46	11.2325	4.0	47.0	19	82.53	53.66666666666666	16.0	7.0	53828.90000000013	28.70571817243644	62.007838505315135	21.596481876332632	75.30618336886994	22.0	0.0	2694.152590908752	66.6	53.4	7	3	32.0	0.0	2721.274999999907	9.0	23.0	17.0	1805.694999999553	20.0	20.0	2125.3624999998137	23.0	16.0	2385.9615384615386	21.0	3.0	3571.154166666325	41.0	3.0	1411.5681818181818	12.0	0.0	43421.04166666698	7.0	20	18	38	327.0	66.0	54.0	60.0	16.0	10
sub-pp050	14.66666667	13.33333333	11.33333333	39.33333333	45.33333333	292.0	25.106666666666666	594.0	122.44	74.0	90.0	9	5	8	22	42	183.91	48	49	49	6.4525	8.353333333	11.5975	3.0	41.0	18	104.84	48.66666666666666	13.0	4.0	72892.464705916	19.86167945439041	43.47476316198168	-1.4053751399775931	72.70721671809866	28.0	1.0	2036.6758620738983	95.8	79.2	6	5	36.0	3.0	1936.4025640854468	8.0				27.0	13.0	2592.759999984503	28.0	12.0	2649.612500011921	20.0	4.0	5436.583333333333				10.0	2.0	35420.98333332936	7.0	15	14	29	348.0		64.0	87.5	15.0	11
sub-pp052	12.33333333	12.33333333	9.333333333	34.0	20.0	297.0	30.105	594.0	105.37	73.0	88.0	6	5	4	15	44	453.46	56	50	50	7.1175	9.843333333	11.2925	2.0	28.0	12	134.65	52.0	6.0	17.0	29964.37391304314	31.42099948558064	61.81850402669392	26.805707290768623	42.726062790427534	23.0	4.0	2211.904851852128	56.4	59.4	5	5	39.0	1.0	2058.6324999999256	6.0	17.0	22.0	2947.764102563978	23.0	15.0	2829.784210526433	30.0	9.0	2515.7794871794013	19.0	5.0	4684.716666666635	43.0	1.0	1561.9090908332305	10.0	1.0	80528.71818181821	7.0	13	12	25	315.0	70.0	62.0	57.9	13.0	10
sub-pp053	14.0	15.0	13.66666667	42.66666667	45.33333333	299.0	23.48333333333333	594.0	88.0	89.0	104.0	9	7	8	24	44	146.48	56	50	55	6.615	9.87	7.85	4.0	60.0	19	64.68	53.66666666666666	13.0	10.0	43892.03478260403	7.627561491805068	44.03419989599797	17.665769229215698	60.54751131367431	33.0	0.0	1801.927272726189	79.2	69.8	9	8	44.0	2.0	1641.382608697466	9.0	28.0	12.0	2166.205000001937	32.0	8.0	2507.0499999977646	25.0	14.0	2414.6025641033284	21.0	3.0	4763.85416666915	43.0	1.0	1430.7136363658035	10.0	2.0	43746.91666666418	9.0	6	9	15	416.0	85.0	77.0	74.5	18.0	17
sub-pp054	12.0	12.66666667	11.0	35.66666667	33.33333333	294.0	24.468333333333334	590.0	91.22	74.0	90.0	8	3	6	17	44	212.97	56	52	52	7.8125	8.64	13.3775	4.0	44.0	18	74.28	53.333333333333336	8.0	15.0	29146.695652172617	52.92328333562682	8.788126843657835	9.29646017699116	38.61556514497693	28.0	2.0	1966.0866666674613	72.0	61.0	7	6	38.0	1.0	2024.0205128204364	8.0	19.0	20.0	2405.312820513661	18.0	22.0	1466.9875	19.0	21.0	1350.462500000745	20.0	4.0	2532.712499999752	43.0	1.0	1733.8863636363635	6.0	6.0	17173.31666666642	7.0	18	16	34	515.0	56.0	66.0	66.5	15.0	13
sub-pp067	15.33333333	14.0	12.66666667	42.0	44.0	297.0	19.03	594.0	67.03	85.0	101.0	9	5	6	20	45	129.1	55	52	50	4.555	6.916666667	6.175	4.0	39.0	19	83.5	52.333333333333336	15.0	4.0	68782.05263157895	6.994203114886773	59.77992151732025	1.008881118883437	53.53071428569496	26.0	2.0	2050.4821428571427	96.6	70.4	9	6	37.0	5.0	1887.721833332996	7.0	21.0	17.0	3036.607894736881	30.0	10.0	2973.0949999998325	38.0	2.0	2846.8624999998137	23.0	1.0	3064.458333333489	43.0	1.0	1823.0340909090485	9.0	3.0	34752.466666667104	7.0	25	26	51	399.0	89.0	63.0	83.5	14.0	15
sub-pp068	14.0	13.33333333	11.33333333	38.66666667	36.0	284.0	29.986666666666665	590.0	81.69	72.0	87.0	9	9	7	25	48	184.15	56	50	55	5.3975	8.246666667	8.2025	4.0	50.0	20	95.78	53.66666666666666	13.0	7.0	61790.58999997973	6.27684253072357	81.89119047890233	48.36231884391725	58.02323087343717	22.0	1.0	2574.0260869627414	61.4	53.6	8	8	33.0	0.0	2669.0727272611675	6.0	21.0	17.0	3064.1947368383408	26.0	11.0	3452.9432432458207	28.0	11.0	3628.4333333143823	19.0	5.0	4979.416666671634	36.0	8.0	2278.8931818198075	11.0	1.0	47295.19166666269	7.0	33	32	65	351.0	75.0	55.0	57.5	13.0	16
sub-pp069	15.0	13.66666667	12.66666667	41.33333333	44.0	288.0	27.558333333333334	582.0	95.56	94.0	109.0	10	7	10	27	33	213.72	56	52	54	6.6075	8.38	8.8525	3.0	42.0	20	100.09	54.0	12.0	10.0	57273.32727272741	30.359495255774107	18.657689121083536	-0.8907362980430662	60.00892804022385	22.0	0.0	2288.38181818192	61.0	56.4	8	7	35.0	2.0	2227.865405405465	8.0	21.0	17.0	3467.207894736509	17.0	19.0	3121.1055555556795	20.0	20.0	3086.1574999999257	21.0	3.0	5406.508333333302	43.0	1.0	1525.2068181769414	8.0	4.0	22279.24166666654	7.0	31	26	57	474.0	58.0	57.0	58.7	15.0	15
sub-pp072	15.0	14.66666667	12.0	41.66666667	41.33333333	298.0	25.04833333333333	592.0	110.34	79.0	93.0	10	7	7	24	47	230.15	55	52	53	10.895	12.99	12.585	4.0	47.0	14	132.62	53.333333333333336	13.0	10.0	53853.83913056747	11.55703899539941	37.6045090157848	31.73056535448456	78.5202182500135	32.0	1.0	1798.6818181240196	73.4	58.6	8	7	43.0	1.0	1688.4886363202877	9.0	19.0	20.0	2429.1128203563203	24.0	16.0	2687.5	28.0	12.0	2243.2824998378755	23.0	1.0	2930.162499904633	41.0	3.0	1374.7840909524398	7.0	5.0	47397.30833323797	8.0	8	11	19	318.0	71.0	75.0	66.0	17.0	15
sub-pp073	12.33333333	12.0	11.0	35.33333333	38.66666667	295.0	29.96333333333333	592.0	105.93	86.0	99.0	10	5	7	22	39	176.41	56	50	53	7.5925	8.883333333	14.8825	4.0	48.0	19	85.85	53.0	14.0	9.0	56449.50869565222	20.022074176171884	67.72129370609332	29.22388888852145	30.49143488160871	22.0	2.0	2434.0041666666416	66.2	49.8	7	4	35.0	1.0	2312.0064999999886	9.0	23.0	17.0	3197.492499999958	28.0	11.0	3825.0512820513777	39.0	1.0	3244.2649999999207	15.0	9.0	4542.399999999907	42.0	2.0	1751.3863636363635	8.0	4.0	38183.70833333349	8.0	32	30	62	391.0	90.0	57.0	58.0	17.0	11
sub-pp074	15.0	15.33333333	13.33333333	43.66666667	38.66666667	300.0	22.491666666666664	592.0	102.21	76.0	89.0	9	6	8	23	42	181.81	54	51	50	7.0875	8.386666667	9.9975	4.0	49.0	15	104.88	51.66666666666666	14.0	9.0	42013.434782608696	2.8732227488151807	63.69517532826882	38.18662897386298	37.0949944269936	30.0	1.0	1909.3870967741937	55.6	56.4	6	7	40.0	1.0	1865.0487804878048	7.0	22.0	17.0	3217.179487179488	19.0	21.0	2992.175	21.0	17.0	3037.7894736842104	21.0	3.0	4766.416666666667	44.0	0.0	1708.4545454545455	6.0	4.0	49612.4	7.0	8	12	20	441.0	62.0	70.0	56.0	14.0	13
sub-pp076	12.66666667	13.0	11.0	36.66666667	36.0	298.0	30.01333333333333	596.0	90.97	86.0	100.0	9	3	6	18	48	189.75	56	52	52	6.515	7.133333333	6.9925	4.0	52.0	19	112.72	53.333333333333336	11.0	12.0	51445.739130434784	24.114475012066123	36.78873239436615	13.357480547621378	76.80330936668969	30.0	0.0	1814.7666666666669	62.4	52.8	7	4	40.0	2.0	1859.2476190476189	8.0	21.0	17.0	3597.5526315789475	28.0	12.0	1998.35	38.0	2.0	2041.2	16.0	8.0	4421.916666666667	40.0	4.0	1726.7045454545455	9.0	3.0	30934.916666666668	8.0	10	10	20	318.0	87.0	70.0	57.6	16.0	11
sub-pp077	14.33333333	12.33333333	10.33333333	37.0	30.66666667	288.0	27.47	590.0	97.78	61.0	72.0	9	4	8	21	34	311.15	56	50	54	9.475	11.32333333	12.0175	3.0	38.0	20	96.09	53.333333333333336	7.0	16.0	10171.95652173913	37.740155446276844	59.83468032777603	54.00148916816647	56.84020104872468	25.0	1.0	2300.2853846153844	54.4	49.2	6	6	34.0	2.0	2429.4166666666665	6.0	22.0	18.0	1722.1	25.0	15.0	1013.725	26.0	14.0	1063.65	15.0	9.0	3588.125	40.0	4.0	1517.481818182902	6.0	6.0	16995.833333333332	6.0	22	21	43	447.0	73.0	59.0	51.8	12.0	12
sub-pp078	12.33333333	12.66666667	7.0	32.0	24.0	294.0	26.813333333333333	594.0	91.31	51.0	60.0	9	6	7	22	42	230.5	56	51	49	6.9	9.126666667	8.6725	4.0	50.0	20	93.81	52.0	1.0	22.0	21749.87391304289	21.111111103048643	46.45272635634035	40.22960948603202	83.39279719866232	20.0	2.0	2579.8136363645845	61.0	57.4	5	5	30.0	3.0	2490.9878787883754	6.0	22.0	17.0	1736.14358974401	26.0	13.0	3040.753846153999	32.0	7.0	3106.976923076579	15.0	9.0	5259.154166666791	41.0	3.0	1517.7068181796508	6.0	5.0	78706.20909090815	7.0	21	21	42	264.0	80.0	50.0	59.2	13.0	10
sub-pp083	12.0	12.0	9.333333333	33.33333333	33.33333333	300.0	27.876666666666665	592.0	129.12	77.0	90.0	7	0	4	11	40	260.19	56	44	52	9.8	16.68	17.9	3.0	56.0	20	112.15	50.66666666666666	9.0	2.0	121108.69090909309	-1.2465116298475891	55.20224359108204	66.20783799342524	55.077777779764574	28.0	1.0	1983.117241379516	66.0	61.2	7	7	41.0	0.0	1870.678048781142	8.0	18.0	19.0	2885.8918918939057	23.0	12.0	3123.7599999998297	19.0	19.0	3178.62894736897	23.0	1.0	4457.970833335072	40.0	4.0	3183.34545454112	6.0	1.0	118943.85714285288	7.0	12	15	27	306.0	60.0	69.0	63.6	15.0	14
sub-pp085	17.0	15.33333333	12.33333333	44.66666667	40.0	291.0	24.88833333333333	594.0	96.18	76.0	86.0	9	6	5	20	39	238.03	56	49	47	7.5525	9.77	8.6875	5.0	50.0	20	105.12	50.66666666666666	10.0	13.0	48037.47826086924	19.5448637767862	83.37984494275827	14.70000001256784	41.236410082363705	27.0	2.0	2041.882758620741	66.0	58.8	6	8	41.0	2.0	1815.4892790706333	6.0	25.0	14.0	2172.9538461527764	30.0	10.0	2049.25999999959	27.0	13.0	2657.957500000112	16.0	8.0	3911.612500000745	39.0	5.0	1638.106818166646	8.0	4.0	47167.00833333284	6.0	16	15	31	468.0	82.0	68.0	62.4	12.0	14
sub-pp088	17.66666667	14.66666667	13.0	45.33333333	41.33333333	299.0	23.995	594.0	101.19	85.0	99.0	9	7	5	21	42	190.1	56	51	53	7.145	10.16666667	11.0325	4.0	48.0	19	95.84	53.333333333333336	15.0	8.0	46852.19999999974	22.63662702294795	78.27204574983733	52.67835359681709	48.93374182983433	26.0	2.0	1916.0892857142856	80.6	67.2	8	6	39.0	1.0	1968.555000000447	7.0	24.0	16.0	2464.627499999106	25.0	15.0	2461.435000000894	28.0	12.0	2123.625	20.0	4.0	4401.945833334699	42.0	2.0	1680.502272727476	8.0	4.0	45091.81666666766	9.0	15	14	29	321.0	77.0	65.0	73.9	16.0	14
sub-pp091	14.0	12.66666667	11.33333333	38.0	32.0	297.0	25.83	590.0	86.62	74.0	87.0	8	4	6	18	14	460.25	55	50	55	5.7625	7.52	9.225	3.0	41.0	5	100.37	53.333333333333336	9.0	14.0	47640.00869565198	23.25143726932282	46.78550723497415	9.975611070701632	33.1974462660624	23.0	3.0	2229.584615384372	71.8	64.8	7	4	37.0	2.0	2071.131846153856	5.0	18.0	20.0	3058.657894736744	23.0	16.0	2321.3256410255262	26.0	14.0	1920.4849999998696	15.0	9.0	4446.729166666589	37.0	7.0	1324.302272726189	11.0	1.0	29949.78333333352	8.0	9	10	19	421.0	67.0	60.0	68.3	13.0	11
sub-pp092	15.66666667	14.66666667	13.0	43.33333333	41.33333333	288.0	30.774999999999995	582.0	141.72	62.0	74.0	7	3	3	13	42	611.94	54	49	55	9.4825	13.18666667	15.5925	3.0	36.0	19	157.59	52.66666666666666	5.0	15.0	61139.06500000008	0.4211466926934122	52.02322694975402	15.568226954534223	52.19066760091647	15.0	0.0	3872.919999999957	71.0	62.6	9	3	28.0	0.0	4215.983857142867	7.0	22.0	15.0	3379.0351351350546	18.0	21.0	3337.238461538481	24.0	15.0	2969.5589743587548	8.0	16.0	8616.6875	40.0	4.0	1750.7250000008128	6.0	6.0	55283.84166666664	8.0	18	17	35	291.0	64.0	43.0	66.8	15.0	12
sub-pp093	16.33333333	16.0	13.0	45.33333333	40.0	298.0	25.91333333333333	594.0	91.53	85.0	99.0	8	7	8	23	44	243.97	55	52	55	6.515	8.656666667	9.61	4.0	48.0	20	84.68	54.0	16.0	7.0	43237.34782608696	15.009882038035189	54.936111128992536	39.06146369749666	25.421969674683965	24.0	2.0	2186.3076923076924	68.0	52.2	5	6	34.0	2.0	2254.75	6.0	27.0	12.0	2860.153846153846	29.0	11.0	2914.25	30.0	9.0	2653.948717948718	18.0	6.0	4154.791666666667	40.0	4.0	2284.3499999588184	6.0	6.0	27735.08333333333	8.0	21	22	43	369.0	86.0	58.0	60.1	14.0	11
sub-pp094	13.66666667	13.66666667	11.33333333	38.66666667	25.33333333	296.0	26.923333333333336	594.0	96.1	69.0	80.0	10	4	7	21	42	247.21	56	48	55	7.1525	9.096666667	9.4675	4.0	50.0	18	96.3	53.0	12.0	6.0	70813.67777777712	46.79618504238511	88.04450847714634	81.63989285256173	30.922306886198044	21.0	1.0	2631.66363636472	59.0	53.2	7	4	36.0	0.0	2274.4083333371414	7.0	24.0	15.0	2676.935897436661	23.0	17.0	2476.7349999979137	27.0	12.0	3188.558974356988	11.0	13.0	4196.554166667163	38.0	6.0	2326.0590909096327	6.0	5.0	29521.900000000544	6.0	21	19	40	447.0	74.0	57.0	56.1	13.0	11
sub-pp095	15.0	14.66666667	12.66666667	42.33333333	44.0	299.0	29.06833333333333	592.0	107.37	80.0	94.0	9	7	7	23	48	214.66	56	52	53	8.44	11.25	11.415	5.0	52.0	17	93.13	53.66666666666666	9.0	14.0	22795.81304348033	52.07757018960126	85.0536149978467	72.4280575796854	55.96355600343577	19.0	2.0	2773.64728570577	63.8	55.0	8	7	34.0	1.0	2329.9199999962534	5.0	22.0	17.0	2785.0589743546952	34.0	4.0	3141.352631579889	36.0	4.0	2739.607500004769	22.0	2.0	3697.429166669647	44.0	0.0	1796.263636372306	10.0	2.0	26696.524999996025	6.0	18	21	39	578.0	92.0	53.0	59.4	11.0	15
sub-pp099	12.33333333	11.0	11.0	34.33333333	34.66666667	293.0	35.218333333333334	592.0	111.87	75.0	85.0	10	4	5	19	48	256.57	56	48	53	6.085	8.72	10.3175	5.0	46.0	20	106.37	52.333333333333336	11.0	12.0	51876.782608695656	43.18574541305975	70.97604596180275	52.84070206456016	83.51609875255349	25.0	1.0	2197.730769230769	58.6	52.0	7	3	39.0	0.0	2045.4615384615383	8.0	21.0	19.0	2974.975	23.0	17.0	3034.425	24.0	15.0	3261.2051282051284	12.0	12.0	4270.541666666667	39.0	5.0	2089.343181805177	4.0	8.0	47913.083333333336	8.0	13	14	27	336.0	68.0	64.0	55.3	16.0	10
sub-pp105	16.0	14.33333333	13.33333333	43.66666667	42.66666667	297.0	24.425	594.0	91.38	79.0	90.0	10	8	6	24	48	162.4	56	52	54	5.9275	7.046666667	8.325	3.0	45.0	20	99.0	54.0	7.0	16.0	52832.8565217412	20.45478810413931	56.19928021701196	20.90924226139072	61.90856481017892	25.0	1.0	2276.357692305858	68.6	69.6	7	6	40.0	0.0	1996.950299991656	7.0	20.0	18.0	3006.468421045103	22.0	17.0	3139.3128205079297	29.0	10.0	2665.1487179474952	19.0	5.0	4956.204166650772	42.0	2.0	1939.5522727207704	12.0	0.0	67437.19166668256	7.0	13	13	26	360.0	71.0	65.0	69.1	14.0	13
sub-pp106	13.0	13.0	11.33333333	37.33333333	30.66666667	289.0	28.98	588.0	121.66	88.0	102.0	10	5	9	24	46	216.78	56	50	54	7.6275	12.89666667	10.5725	3.0	41.0	20	78.34	53.333333333333336	12.0	4.0	76749.98749999993	32.79158876321026	53.685176826493205	36.80000000733594	63.86715429070148	35.0	0.0	1696.2399999999575	53.2	45.6	7	6	45.0	0.0	1728.2066666666003	6.0	22.0	17.0	3013.7794871794968	27.0	12.0	2623.033333333448	37.0	3.0	2603.5874999999533	14.0	10.0	7053.63333333338	42.0	2.0	1966.9818181991573	11.0	1.0	54385.34166666648	5.0	12	6	18	309.0	86.0	80.0	49.400000000000006	11.0	13
sub-pp107	15.66666667	14.66666667	12.0	42.33333333	34.66666667	298.0	30.48166666666667	592.0	106.44	63.0	75.0	9	6	9	24	45	203.28	56	51	55	7.0175	8.403333333	11.9075	4.0	52.0	20	90.62	54.0	10.0	3.0	94448.5461538434	47.85753206870493	46.32303198756017	61.871069923751634	61.45280726174087	27.0	3.0	1966.24999999702	63.0	56.6	7	6	42.0	1.0	1718.7046511623748	7.0	21.0	19.0	686.95	21.0	19.0	1714.870000000298	20.0	20.0	1005.6949999973178	11.0	13.0	6699.3249999980135	42.0	2.0	1638.440909017216	8.0	4.0	44925.6749999995	7.0	4	7	11	333.0	62.0	69.0	59.8	14.0	13
sub-pp108	15.33333333	14.33333333	11.66666667	41.33333333	36.0	299.0	23.58333333333333	592.0	87.03	90.0	102.0	10	7	6	23	46	192.72	56	51	55	5.975	8.21	8.0175	4.0	45.0	20	81.12	54.0	12.0	9.0	57458.66666666658	10.859065416749443	38.24674972101912	26.19507044805607	69.18186958487945	30.0	0.0	1760.796666666586	65.6	52.4	5	8	37.0	4.0	1897.5585609756504	6.0	19.0	21.0	2906.917500000098	23.0	17.0	2866.437499999977	17.0	23.0	2648.9950000000417	22.0	2.0	5080.375	43.0	1.0	1982.8386363116176	8.0	4.0	46456.92499999997	8.0	18	20	38	455.0	59.0	67.0	59.0	14.0	13
sub-pp110	15.0	17.66666667	13.66666667	46.33333333	42.66666667	295.0	20.391666666666666	594.0	82.29	92.0	104.0	9	3	8	20	46	133.32	56	52	51	5.23	6.646666667	7.4775	4.0	46.0	20	93.4	53.0	13.0	10.0	47690.97826086957	27.62681934025352	72.29487173721526	20.23175119283576	47.90341274113882	30.0	1.0	1896.30322580376	86.0	88.8	9	10	42.0	0.0	1787.633333332482	9.0	27.0	12.0	2659.0692307673967	25.0	14.0	2755.910256404143	27.0	13.0	2796.7850000053645	22.0	2.0	4771.916666671634	43.0	1.0	1936.9136363593016	5.0	7.0	24736.775000000995	7.0	27	28	55	455.0	79.0	72.0	87.4	16.0	19
sub-pp111	14.66666667	17.0	15.33333333	47.0	40.0	288.0	32.24666666666667	592.0	109.03	74.0	85.0	10	7	6	23	34	621.43	55	50	47	9.0375	13.57	15.5575	2.0	32.0	17	157.0	50.66666666666666	8.0	13.0	58947.89047604516	18.74348173644097	36.86402454911951	12.232720098462435	67.20380530440644	24.0	3.0	2217.5174447270147	80.0	67.0	5	5	37.0	2.0	2723.1846154041777	5.0	23.0	16.0	2494.848718056312	22.0	18.0	2544.322499990464	21.0	18.0	3267.6205129867944	20.0	4.0	5526.929166634877	42.0	2.0	1855.5363636016848	9.0	3.0	63837.04166650772	8.0	19	18	37	369.0	66.0	61.0	73.5	13.0	10
sub-pp112	15.66666667	14.33333333	13.0	43.0	42.66666667	297.0	19.50166666666667	596.0	86.41	71.0	85.0	8	4	4	16	40	200.96	24	38	0	6.255	11.165	6.38	4.0	54.0	17	77.31	20.666666666666668	11.0	12.0	50481.68695652226	-0.8385886824535191	65.1514548069477	25.52671755725192	60.47535915621023	15.0	4.0	2982.378947367793	66.4	64.2	8	7	36.0	1.0	2360.6648648671203	9.0	29.0	11.0	2192.9124999940395	16.0	24.0	2393.0850000068544	19.0	21.0	1919.1324999943376	17.0	7.0	4765.6875	43.0	1.0	1437.7045454545455	8.0	4.0	44093.57499999801	9.0	17	21	38	486.0	64.0	51.0	65.30000000000001	18.0	15
sub-pp114	14.33333333	13.66666667	12.0	40.0	44.0	299.0	28.166666666666668	590.0	101.03	68.0	78.0	8	8	6	22	46	256.44	56	51	51	7.2125	7.95	10.8375	4.0	49.0	16	99.75	52.66666666666666	8.0	15.0	39797.04782608799	19.388328932982347	55.509585599911816	26.184507061058355	76.4743055775275	27.0	2.0	2050.783689653528	43.8	48.4	7	4	40.0	2.0	1737.7690476189766	9.0	21.0	18.0	3360.848717948183	23.0	17.0	3720.9199999999255	25.0	15.0	3033.414999999851	13.0	11.0	7240.841666667412	41.0	3.0	1684.993181857196	11.0	1.0	37557.47499999901	9.0	13	12	25	424.0	69.0	67.0	46.1	18.0	11
sub-pp115	11.66666667	12.0	9.0	32.66666667	21.33333333	298.0	32.075	588.0	152.44	41.0	46.0	7	2	2	11	14	342.47	56	46	50	9.9175	12.37666667	14.2775	4.0	38.0	4	94.91	50.66666666666666	3.0	20.0	14101.704347826864	37.67437813854144	52.04975566020346	39.10585554533168	111.3486842166884	17.0	1.0	3143.2055555598604	47.4	46.6	6	3	30.0	2.0	3121.046875002794	5.0	21.0	15.0	3875.50833333532	22.0	16.0	3992.3500000003137	17.0	21.0	4063.202631575497	6.0	18.0	5800.254166665177	37.0	7.0	2003.6068183508787	3.0	6.0	40818.68888889419	4.0	9	12	21	318.0	60.0	47.0	47.0	9.0	9
sub-pp116	12.33333333	11.66666667	10.66666667	34.66666667	30.66666667	286.0	53.40166666666666	566.0	180.0	39.0	44.0	8	2	4	14	36	338.22	54	42	51	16.3325	18.75666667	25.75	4.0	39.0	17	139.84	49.0	12.0	7.0	62631.557894736725	59.05344464268535	90.26232140310252	19.970921969582832	22.834237356426968	18.0	0.0	2977.777777777778	42.8	37.2	4	4	30.0	1.0	2759.425806451619	8.0	21.0	18.0	2233.507692307712	25.0	15.0	2180.374999999977	22.0	17.0	1931.9025641025928	12.0	12.0	6712.229166666589	35.0	9.0		7.0	3.0	29623.900000000373	7.0	11	10	21	336.0	68.0	48.0	40.0	15.0	8
sub-pp117	14.33333333	12.33333333	11.0	37.66666667	30.66666667	299.0	24.416666666666668	594.0	65.97	62.0	71.0	8	2	6	16	43	286.57	54	52	51	8.7125	11.35666667	14.3725	4.0	44.0	19	94.12	52.333333333333336	13.0	10.0	40660.69565217393	13.176592890677398	36.10643292378381	25.34295774647888	53.69990878686531	22.0	1.0	2587.0	56.2	53.0	7	8	31.0	1.0	2768.28125	7.0	19.0	20.0	3314.589743589744	26.0	13.0	3472.128205128205	32.0	8.0	3209.85	21.0	3.0	5011.4583333333285	39.0	5.0	2388.7272727272725	10.0	2.0	42785.333333333336	7.0	32	31	63	527.0	77.0	53.0	54.6	14.0	15
sub-pp118	12.33333333	11.66666667	10.33333333	34.33333333	30.66666667	295.0	24.51333333333333	594.0	92.97	80.0	94.0	9	6	6	21	44	311.66	56	51	56	6.675	7.366666667	8.395	4.0	42.0	18	122.06	54.333333333333336				32.97110442905455	68.63953592834656	16.44992345789052	39.36990242791876	20.0	4.0	2488.6056666666664	56.4	49.4	5	5	29.0	3.0	2625.550000000745	6.0	23.0	16.0	3860.5589743485816	26.0	13.0	3403.0717948644588	22.0	18.0	3231.020000001788	9.0	15.0	5471.7624999980135	43.0	1.0	1789.006818142804	8.0	3.0	36123.98181816665	7.0	21	20	41	270.0	71.0	49.0	52.9	13.0	10
sub-pp119	13.66666667	13.0	13.33333333	40.0	42.66666667	297.0	28.468333333333334	594.0	88.31	79.0	94.0	10	7	8	25	46	377.91	55	49	41	7.18	8.386666667	12.67	3.0	40.0	20	140.59	48.333333333333336	16.0	4.0	61406.95	42.784354943556025	66.81287421542572	27.25474452276296	90.00728856490986	25.0	0.0	2369.88	62.6	61.0	7	5	40.0	1.0	1994.5853658536585	8.0	25.0	15.0	3496.95	26.0	12.0	3382.157894736842	36.0	4.0	2987.2	21.0	3.0	4175.416666666667	42.0	2.0	1841.093181826852	10.0	2.0	58771.0	8.0	15	12	27	297.0	87.0	65.0	61.8	16.0	12
sub-pp120	17.0	14.66666667	13.66666667	45.33333333	44.0	291.0	24.30666666666667	580.0	106.97	85.0	99.0	8	6	6	20	40	207.69	56	52	44	8.4575	10.54	15.7775	4.0	39.0	17	108.81	50.66666666666666	15.0	8.0	37747.3086956558	25.45386117766003	60.98631531080304	57.41022835428129	73.79913195057048	25.0	1.0	2249.007692307234	67.0	55.8	6	6	37.0	1.0	2205.778947365912	8.0	32.0	7.0	2635.1538461507894	37.0	3.0	2507.060000000894	38.0	2.0	2492.852500003576	20.0	4.0	4992.837500000994	41.0	3.0	1597.5840908830817	6.0	6.0	46116.35000000397	8.0	21	20	41	315.0	107.0	62.0	61.4	16.0	12
sub-pp124	15.0	15.33333333	12.0	42.33333333	48.0	298.0	20.466666666666665	580.0	104.66	61.0	72.0	6	4	5	15	45	245.94	55	48	51	8.19	10.02333333	11.1425	4.0	51.0	20	105.07	51.333333333333336	12.0	11.0	46296.26956521947	20.467934301700893	45.203605276050325	12.449212319518836	57.89206950557343	33.0	3.0	1634.8055555522442	70.0	62.8	9	6	42.0	3.0	1735.951111111376	7.0	20.0	19.0	2455.858974358974	35.0	5.0	2618.222500000894	38.0	2.0	2953.8049999967216	22.0	2.0	3213.124999990066	38.0	6.0	1566.006818229502	7.0	4.0	48286.23636363853	7.0	22	23	45	357.0	93.0	75.0	66.4	14.0	15
sub-pp125	15.0	17.0	13.33333333	45.33333333	29.33333333	297.0	26.375	594.0	79.87	97.0	111.0	8	8	5	21	44	272.78	56	52	52	6.105	7.99	10.5225	4.0	47.0	12	97.47	53.333333333333336	5.0	18.0	46052.65217391304	12.02404738811208	34.77248413890305	36.89893595258423	50.891230378533805	19.0	2.0	2526.714285714286	69.0	63.4	6	5	31.0	1.0	2716.40625	6.0	19.0	19.0	2670.6052631578946	32.0	8.0	2598.475	34.0	6.0	2822.5	23.0	1.0	2554.7916666666665	43.0	1.0	1781.595454562794	8.0	3.0	35426.27272727273	7.0	24	23	47	360.0	85.0	50.0	66.2	13.0	11
sub-pp126	15.0	15.0	12.33333333	42.33333333	41.33333333	295.0	29.69	586.0	98.0	92.0	108.0	10	6	7	23	45	222.75	55	51	49	6.4125	7.87	10.2025	4.0	41.0	18	106.62	51.66666666666666	5.0	18.0	29987.0826086998	40.00595955704205	30.039963392110963	13.7443013347563	39.2681587406945	25.0	1.0	2278.8692307632705	56.0	49.2	5	5	32.0	1.0	2645.1454545422034	5.0	17.0	23.0	1695.2549999967218	23.0	17.0	1734.1850000023842	14.0	26.0	1351.1800000041724	16.0	8.0	6925.116666667163	42.0	2.0	1745.2568182078276	9.0	3.0	43065.01666666567	7.0	10	10	20	306.0	54.0	57.0	52.6	12.0	10
sub-pp127	12.33333333	11.66666667	10.33333333	34.33333333	26.66666667	298.0	32.48666666666667	590.0	109.78	79.0	90.0	6	3	6	15	42	360.01	55	50	52	8.04	9.71	11.5775	3.0	42.0	17	100.16	52.333333333333336	9.0	14.0	36373.81739129191	21.045568824638565	46.05656882302651	32.91063218390809	112.93830163644408	20.0	2.0	2468.686363653703	58.6	50.6	5	4	33.0	2.0	2432.0800000326976	6.0	20.0	19.0	1453.4461538363726	19.0	21.0	1784.362499988079	19.0	21.0	1410.6	16.0	8.0	6026.187499990066	40.0	4.0	1751.7045454545455	7.0	5.0	36920.61666665474	8.0	2	1	3	366.0	58.0	53.0	54.6	14.0	9
sub-pp128	12.66666667	12.33333333	9.0	34.0	21.33333333	300.0	43.28666666666666	596.0	129.38	46.0	52.0	7	2	4	13	45	298.37	56	47	55	10.66	15.80333333	15.835	3.0	44.0	20	127.62	52.66666666666666	7.0	10.0	71288.22352941203	-1.563326445606549	40.53714280809686	9.549603666975829	83.04462510816495	18.0	0.0	3230.255555555845	44.2	47.2	5	4	27.0	1.0	3297.346428571269	6.0	19.0	16.0	3805.205714286012	19.0	18.0	3897.7459459451807	20.0	16.0	4115.188888888392	6.0	17.0	10097.886956522325	16.0	28.0	2065.161363710057	8.0	4.0	68851.42499999981	6.0	11	12	23	318.0	58.0	45.0	45.7	12.0	9
sub-pp129	16.0	14.0	12.0	42.0	42.66666667	297.0	23.976666666666663	594.0	86.13	73.0	84.0	10	6	4	20	45	149.62	55	52	54	5.8725	7.383333333	7.8025	4.0	54.0	18	74.0	53.66666666666666	12.0	11.0	45472.395652173655	26.23558897243106	30.260760366394152	-1.901106356330274	80.31227664494429	26.0	2.0	2060.1500000059605	67.4	60.6	6	4	40.0	1.0	1946.521951222565	7.0	20.0	19.0	1786.5717948721006	33.0	7.0	2034.725000000745	26.0	14.0	1628.1450000010432	18.0	6.0	3593.6333333303533	42.0	2.0	1602.5454545454545	11.0	1.0	32865.766666668154	6.0	17	17	34	402.0	79.0	66.0	64.0	13.0	10
sub-pp133	15.0	16.66666667	14.0	45.66666667	36.0	295.0	34.156666666666666	578.0	123.25	86.0	100.0	8	1	8	17	40	188.79	55	51	52	8.96	11.68	16.0925	4.0	56.0	18	76.9	52.66666666666666	10.0	13.0	46245.24782608644	29.68268292682928	47.77470312670226	15.588135962523154	60.88366179275266	26.0	0.0	2230.2538461478857	66.2	56.2	8	5	39.0	0.0	2058.9745128229583	7.0	27.0	12.0	3319.905128200849	32.0	8.0	3163.90000001043	40.0	0.0	3090.444999995828	12.0	12.0	6792.0	43.0	1.0	1964.1136363636365	5.0	6.0	38613.28181818398	7.0	17	17	34	516.0	99.0	65.0	61.2	14.0	13
sub-pp135	17.33333333	15.33333333	13.0	45.66666667	48.0	300.0	22.918333333333333	594.0	99.35	95.0	111.0	10	7	8	25	44	225.06	56	52	55	7.4775	9.09	10.68	5.0	53.0	20	122.32	54.333333333333336	14.0	9.0	43567.90434782401	15.635514000865896	50.29976363244066	6.054700829302874	41.84503790010615	24.0	5.0	2042.63793103474	82.0	68.6	7	8	43.0	0.0	1875.046511627907	8.0	25.0	14.0	2664.9153846164163	31.0	9.0	3359.232499999553	30.0	9.0	2709.32820512832	16.0	8.0	4197.395833332713	43.0	1.0	2042.002272757617	8.0	4.0	49726.90000000099	7.0	21	21	42	476.0	86.0	67.0	75.3	15.0	15
sub-pp137	17.66666667	18.0	15.0	50.66666667	49.33333333	294.0	31.933333333333334	578.0	126.9	70.0	82.0	7	2	7	16	41	181.75	56	49	55	9.2125	11.07333333	16.6875	3.0	33.0	16	72.1	53.333333333333336	8.0	15.0	17096.36086955537	45.70240507125857	80.32393936369743	27.80824734992592	85.41430718408839	22.0	3.0	2305.2639999914168	68.4	64.2	6	4	32.0	2.0	2440.085294118699	7.0	26.0	13.0	2516.048717949635	27.0	13.0	3241.154999993741	18.0	21.0	3622.2564102548818	20.0	4.0	3988.662499996523	40.0	4.0	1500.2136363549666	8.0	4.0	23521.69166667263	5.0	22	22	44	539.0	71.0	54.0	66.30000000000001	12.0	10
sub-pp145	16.33333333	15.33333333	13.0	44.66666667	37.33333333	298.0	25.17833333333333	596.0	115.65	91.0	105.0	9	5	4	18	45	403.75	55	52	54	8.89	9.323333333	13.3275	3.0	38.0	17	89.97	53.66666666666666	12.0	9.0	58349.719047603154	36.51503209614259	39.560156941148136	41.34348178370897	69.92034809365873	27.0	1.0	2040.9928571156088	69.0	73.4	7	4	40.0	1.0	1913.6609756132448	7.0	24.0	15.0	3366.733333349228	40.0	0.0	3085.0625000059604	40.0	0.0	3289.805000013113	17.0	7.0	6273.554166644812	42.0	2.0	1705.209091099826	11.0	1.0	52425.56666670243	5.0	12	13	25	324.0	104.0	67.0	71.2	12.0	11
sub-pp147	15.33333333	15.0	14.33333333	44.66666667	42.66666667	298.0	27.255	594.0	84.19	78.0	91.0	9	8	6	23	45	238.72	56	52	54	6.7625	9.146666667	11.665	4.0	45.0	20	87.0	54.0	6.0	11.0	77832.05294117551	18.60121704297461	49.22809896963531	17.556737426324958	59.82189011113081	16.0	0.0	2862.8875000001863	73.2	63.8	7	5	32.0	2.0	2874.997058824143	6.0	26.0	13.0	2308.951282051607	34.0	6.0	2709.6725000004285	32.0	7.0	2534.066666667469	20.0	4.0	3011.7291666666665	42.0	2.0	1408.6454545801337	7.0	5.0	35215.89166666629	6.0	21	19	40	358.0	92.0	48.0	68.5	12.0	12
sub-pp149	15.0	13.33333333	10.0	38.33333333	37.33333333	297.0	21.87833333333333	584.0	74.47	92.0	106.0	10	6	9	25	47	118.41	55	52	55	5.5375	7.456666667	9.5725	4.0	54.0	17	65.72	54.0	15.0	6.0	61590.78095237982	17.029192282970143	55.739862532260815	15.348468246725758	32.29199747239426	27.0	0.0	2113.3185185238167	79.0	79.4	9	7	37.0	1.0	2127.381578925409	7.0	28.0	11.0	2152.5717948644588	30.0	10.0	2710.0174999952314	34.0	6.0	2606.552500012517	23.0	1.0	2708.6624999990067	43.0	1.0	1897.018181670796	10.0	1.0	80906.7636363723	8.0	27	28	55	530.0	92.0	64.0	79.2	15.0	16
sub-pp150	16.33333333	13.66666667	14.33333333	44.33333333	45.33333333	298.0	30.113333333333333	594.0	105.56	76.0	88.0	10	6	7	23	37	244.93	55	51	54	7.3675	9.466666667	12.865	3.0	37.0	17	75.65	53.333333333333336	8.0	9.0	72889.02941177873	26.21185929647981	63.35252817904217	17.69501050935969	55.864216192236086	30.0	1.0	1920.705774215083	79.8	79.4	6	6	40.0	1.0	1797.3048780313352	6.0	27.0	11.0	2412.4710526340887	29.0	11.0	2469.8499999940395	15.0	24.0	2961.664102566548	15.0	9.0	4976.566666712363	42.0	2.0	1516.6931818215685	10.0	2.0	41152.24166667461	9.0	11	12	23	318.0	71.0	70.0	79.6	15.0	12
sub-pp151	17.33333333	12.66666667	12.0	42.0	46.66666667	294.0	30.32166666666667	590.0	84.12	69.0	80.0	9	6	9	24	46	193.35	56	52	55	6.8025	8.323333333	9.54	4.0	54.0	19	85.81	54.333333333333336	12.0	2.0	88766.47142856462	1.46161623241926	74.28369120743673	38.72897102915289	90.911126940548	21.0	1.0	2654.84545454112	63.8	50.6	8	5	35.0	0.0	2383.934285715648	8.0	23.0	15.0	2733.0026315701634	34.0	5.0	2480.9974358968248	36.0	4.0	2253.05000000149	23.0	1.0	2495.4625000009933	42.0	2.0	1600.5818180170927	9.0	3.0	39422.66666666666	7.0	24	22	46	518.0	93.0	56.0	57.2	15.0	13
sub-pp152	14.66666667	12.66666667	11.0	38.33333333	36.0	299.0	25.641666666666666	586.0	143.97	73.0	81.0	7	2	8	17	45	184.9	56	51	54	11.005	11.08333333	17.3225	4.0	57.0	19	94.81	53.66666666666666	9.0	14.0	25931.921739122143	23.904982167744265	38.68106382439578	9.244660697456425	51.53986619560448	27.0	2.0	2029.9758620755424	66.2	60.8	9	6	38.0	2.0	1990.0725000143048	5.0	17.0	22.0	3117.017948700832	28.0	12.0	2856.895000016689	30.0	10.0	3030.2675000071526	14.0	10.0	5970.287500003974	40.0	4.0	1798.5045455585823	7.0	5.0	33221.40000003576	9.0	23	22	45	354.0	75.0	65.0	63.5	14.0	15
sub-pp155	14.66666667	14.66666667	11.0	40.33333333	36.0	248.0	27.38	592.0	117.72	70.0	81.0	6	3	7	16	42	206.0	0	0	0	7.49	9.31	9.72			19	91.22	0.0	10.0	13.0	28548.25652168108	35.14943791914379	34.840529828928766	11.444785148151707	38.2115107917046	25.0	1.0	2269.253846186858	67.4	54.8	6	5	37.0	1.0	1997.807894706726	8.0	25.0	15.0	2229.422499966621	16.0	24.0	1847.219999945164	19.0	21.0	948.2174999833107	13.0	11.0	4841.508333305518	42.0	2.0	1520.404545454647	6.0	6.0	32286.34166665872	7.0	13	13	26	303.0	60.0	62.0	61.1	15.0	11
sub-pp156	14.0	14.0	12.66666667	40.66666667	33.33333333	298.0	30.566666666666663	578.0	143.41	72.0	83.0	5	2	6	13	37	351.22	55	45	52	12.205	16.64333333	19.345	3.0	39.0	18	119.84	50.66666666666666	5.0	18.0	43561.4173913002	38.08148347815717	71.32777777781126	9.658148148191115	59.370311075180666	23.0	0.0	2560.9173913105674	69.2	64.4	5	5	35.0	0.0	2426.557142850331	7.0	22.0	17.0	3156.86153847132	23.0	16.0	3095.5769230555265	20.0	20.0	2881.5999999940395	16.0	8.0	5577.575000007947	40.0	4.0	1965.88863636384	10.0	2.0	64523.50000000993	5.0	13	17	30	312.0	65.0	58.0	66.80000000000001	12.0	10
sub-pp158	15.66666667	15.33333333	14.33333333	45.33333333	41.33333333	296.0	28.793333333333333	590.0	100.09	68.0	78.0	8	6	7	21	38	254.31	56	50	51	7.6475	9.78	10.46	3.0	35.0	12	83.09	52.333333333333336	8.0	15.0	35255.65217391304	25.72358103067478	30.33603519661375	30.418052003399566	41.02624113476713	17.0	3.0	2756.7	69.2	69.4	7	4	30.0	5.0	2364.9142857142856	7.0	21.0	19.0	1730.325	23.0	17.0	1949.225	26.0	14.0	1374.675	21.0	3.0	3922.25	42.0	2.0	1485.0295454545412	8.0	4.0	26272.166666666668	6.0	18	18	36	306.0	70.0	47.0	69.30000000000001	13.0	11
sub-pp159	14.33333333	14.66666667	11.66666667	40.66666667	36.0	299.0	23.16	596.0	103.34	71.0	85.0	7	4	7	18	46	257.59	56	51	45	6.5325	8.326666667	11.2675	4.0	45.0	18	143.81	50.66666666666666	12.0	3.0	80161.44000000003	31.862515487883343	28.847634011826585	33.39545460903281	35.31689792145983	25.0	1.0	2242.3038461538245	66.0	55.2	7	5	40.0	0.0	1984.4149999999208	7.0	33.0	6.0	2876.971794871876	31.0	8.0	2276.635897435821	34.0	6.0	2755.8424999999115	16.0	8.0	3889.808333333504	44.0	0.0	1536.674999887293	8.0	4.0	59396.80833333331	9.0	11	12	23	342.0	98.0	65.0	60.6	16.0	12
sub-pp160	14.66666667	14.0	11.33333333	40.0	36.0	299.0	26.14	590.0	103.0	70.0	83.0	8	4	6	18	45	251.91	54	49	48	7.995	10.31	11.9425	4.0	37.0	16	100.35	50.333333333333336	14.0	9.0	39443.339130434	25.479678278722645	88.82842127206021	60.84931679498203	43.32914409320381	20.0	5.0	2313.5920000004767	63.2	51.8	7	4	33.0	4.0	2181.159459458815	8.0	21.0	16.0	2715.1756756772866	17.0	23.0	3032.725	23.0	16.0	2892.70000000107	18.0	6.0	4025.5833333283663	40.0	4.0	1540.713636363772	10.0	2.0	24898.899999996025	8.0	14	16	30	321.0	61.0	53.0	57.5	16.0	11
sub-pp161	13.66666667	15.0	12.33333333	41.0	44.0	293.0	22.328333333333333	584.0	103.3	77.0	89.0	7	5	4	16	34	248.0	55	50	45	6.9075	7.853333333	14.8975	4.0	54.0	16	94.06	50.0	11.0	12.0	47753.74782608903	32.793355601697215	66.20541329174421	40.49318307591688	89.06889406889405	24.0	0.0	2485.133333340287	85.4	63.0	6	4	30.0	1.0	2848.698000003461	9.0	26.0	13.0	3335.830769234743	32.0	7.0	2995.141025642554	30.0	9.0	3229.682051278078	16.0	8.0	3683.0249999960265	41.0	3.0	1866.386363636364	9.0	2.0	43116.836363646114	6.0	2	1	3	399.0	88.0	54.0	74.2	15.0	10
sub-pp162	16.66666667	16.0	13.66666667	46.33333333	37.33333333	295.0	28.61	592.0	88.65	75.0	88.0	9	7	7	23	47	346.06	56	52	53	7.325	8.773333333	15.26	4.0	44.0	18	121.35	53.66666666666666	9.0	14.0	54864.713043477226	16.222322210512516	56.67639027252574	29.57617835085091	68.21885819750736	15.0	1.0	3044.00625000149	62.4	61.8	6	5	34.0	1.0	2580.1085714263577	6.0	29.0	10.0	2334.9641025631854	26.0	14.0	2738.430000000447	27.0	13.0	2583.5999999996275	22.0	2.0	2828.9749999990067	42.0	2.0	1517.1181818233297	10.0	2.0	39989.73333332936	5.0	24	22	46	336.0	82.0	49.0	62.1	11.0	11
sub-pp163	14.66666667	12.66666667	11.0	38.33333333	40.0	299.0	23.766666666666666	590.0	75.46	94.0	110.0	9	7	4	20	22	282.35	56	49	47	5.7725	6.483333333	9.2025	4.0	49.0	10	85.09	50.66666666666666	7.0	16.0	22208.52173913044	23.295152337049444	48.8049645389014	18.50135210904961	54.193646351250834	20.0	5.0	2363.376959995232	61.4	52.8	7	6	34.0	2.0	2154.038888891538	7.0	19.0	21.0	3244.447499993444	19.0	21.0	3034.677499985695	28.0	12.0	2745.417500001192	23.0	1.0	2492.3624999982617	43.0	1.0	1544.3227272724564	9.0	3.0	42212.68333331744	9.0	13	13	26	371.0	66.0	54.0	57.1	16.0	13
sub-pp164	14.33333333	14.0	10.66666667	39.0	28.0	295.0	25.246666666666663	592.0	87.62	61.0	71.0	10	9	4	23	46	172.25	56	48	49	6.7975	8.616666667	9.25	4.0	47.0	20	98.16	51.0	12.0	11.0	50728.60434782764	38.920625275318514	45.05939560781769	41.32334401460531	61.53175324685981	29.0	2.0	1930.584838707755	66.0	58.6	6	4	40.0	0.0	1867.332500000298	7.0	18.0	22.0	2304.0300000026823	22.0	17.0	3248.033333329054	23.0	17.0	2302.890000000596	12.0	12.0	3828.950000000497	41.0	3.0	1732.6318181834438	10.0	2.0	71594.68333334725	5.0	15	18	33	324.0	63.0	69.0	62.3	12.0	10
sub-pp166	15.33333333	17.66666667	12.66666667	45.66666667	42.66666667	294.0	29.811666666666667	592.0	97.43	77.0	90.0	9	6	5	20	44	137.43	56	52	54	8.675	10.33333333	17.04	4.0	52.0	20	100.63	54.0	8.0	15.0	34229.57826087267	50.862891224153145	47.17406188960899	24.830560340472744	51.95778163441764	22.0	0.0	2532.890909081156	72.6	73.6	6	6	32.0	3.0	2522.1801142898016	7.0	20.0	20.0	3181.334999999404	20.0	18.0	3154.607894731196	20.0	19.0	2915.987179502463	20.0	4.0	5168.5291666686535	44.0	0.0	1693.7295454545792	6.0	2.0	102224.07500000298	6.0	22	19	41	458.0	60.0	54.0	73.1	13.0	12
sub-pp168	17.0	15.33333333	13.66666667	46.0	41.33333333	296.0	27.57166666666667	588.0	96.37	73.0	87.0	10	6	8	24	46	240.62	56	52	53	7.875	9.493333333	13.3375	3.0	43.0	19	85.5	53.66666666666666	10.0	13.0	49063.47826086924	32.884599002009736	98.74015637026356	11.034399451982324	47.70328014948126	24.0	1.0	2326.5040000000595	63.4	57.0	6	5	34.0	1.0	2404.474285714222	5.0	21.0	16.0	3418.754054053913	20.0	19.0	3833.397435897341	30.0	9.0	3888.366666666686	17.0	7.0	6472.570833332837	43.0	1.0	2672.050000003793	4.0	8.0	40566.6083333334	6.0	5	3	8	511.0	71.0	58.0	60.2	11.0	11
sub-pp169	16.0	15.66666667	12.33333333	44.0	42.66666667	299.0	20.896666666666665	594.0	69.0	90.0	105.0	10	8	7	25	48	155.22	56	51	52	5.89	7	6.55	4.0	57.0	20	86.28	53.0	13.0	10.0	39986.69565217391	4.5797463314608535	47.34113476462397	33.41029867451573	44.9391355128821	29.0	2.0	1861.064516129032	65.2	58.4	8	5	42.0	1.0	1914.148372093024	9.0	23.0	15.0	2606.342105263158	29.0	10.0	3040.948717948718	20.0	20.0	2883.5	21.0	3.0	2943.458333333333	44.0	0.0	2049.511363628236	10.0	2.0	32931.416666666664	7.0	22	21	43	327.0	72.0	71.0	61.8	16.0	13
sub-pp170	16.33333333	13.66666667	12.0	42.0	38.66666667	291.0	30.17	590.0	110.53	68.0	80.0	10	6	5	21	46	311.69	55	50	50	6.275	7.493333333	7.955	5.0	62.0	19	99.53	51.66666666666666	13.0	7.0	62155.57000000104	42.756616132135605	78.20430031771036	31.0906076672415	62.21337650405047	24.0	1.0	2362.803999999762	60.2	50.4	6	5	36.0	1.0	2256.497297297056	6.0	23.0	15.0	3563.7026315798103	29.0	9.0	3382.073684210056	31.0	8.0	3515.8205128193667	12.0	12.0	6959.491666665922	37.0	7.0	1902.6295454535973	5.0	7.0	32853.36666666592	6.0	14	15	29	541.0	83.0	60.0	55.3	12.0	11
sub-pp171	12.33333333	13.33333333	10.33333333	36.0	38.66666667	298.0	26.635	590.0	105.0	93.0	109.0	9	8	9	26	43	197.91	56	51	50	6.71	8.046666667	14.1025	4.0	45.0	17	90.56	52.333333333333336	12.0	2.0	88012.2785714524	22.9345168468218	34.31063829753418	-4.703546103010808	53.24274854377569	29.0	0.0	2059.368103439232	79.4	77.8	8	4	37.0	1.0	2159.1815789498783	9.0	32.0	7.0	3126.1051282149097	33.0	7.0	2838.5525000065563	31.0	9.0	2574.0975000053645	13.0	11.0	4491.637499993046	41.0	3.0	1769.077272718603	11.0	1.0	49576.09999999404	6.0	31	30	61	348.0	96.0	66.0	78.6	15.0	12
