participant_id	brocanto_corr	brocanto_incorr	brocanto_RT	brocanto_block
sub-pp010	1.0	0.0	2978.0	1.0
sub-pp010	1.0	0.0	2997.0	1.0
sub-pp010	0.0	1.0	3108.0	1.0
sub-pp010	1.0	0.0	1562.0	1.0
sub-pp010	1.0	0.0	3073.0	1.0
sub-pp010	1.0	0.0	3408.0	1.0
sub-pp010	1.0	0.0	2214.0	1.0
sub-pp010	1.0	0.0	2111.0	1.0
sub-pp010	1.0	0.0	4276.0	1.0
sub-pp010	1.0	0.0	1343.0	1.0
sub-pp010	1.0	0.0	1822.0	1.0
sub-pp010	0.0	1.0	2725.0	1.0
sub-pp010	0.0	1.0	2002.0	1.0
sub-pp010	0.0	1.0	2813.0	1.0
sub-pp010	0.0	1.0	2184.0	1.0
sub-pp010	0.0	1.0	2461.0	1.0
sub-pp010	0.0	1.0	1808.0	1.0
sub-pp010	1.0	0.0	3553.0	1.0
sub-pp010	1.0	0.0	3123.0	1.0
sub-pp010	0.0	1.0	2672.0	1.0
sub-pp010	0.0	1.0	1252.0	1.0
sub-pp010	0.0	1.0	2306.0	1.0
sub-pp010	0.0	1.0	2566.0	1.0
sub-pp010	0.0	1.0	2372.0	1.0
sub-pp010	1.0	0.0	1983.0	1.0
sub-pp010	0.0	1.0	2141.0	1.0
sub-pp010	0.0	1.0	2807.0	1.0
sub-pp010	0.0	1.0	2836.0	1.0
sub-pp010	1.0	0.0	3352.0	1.0
sub-pp010	0.0	1.0	4296.0	1.0
sub-pp010	0.0	1.0	3500.0	1.0
sub-pp010	0.0	1.0	2775.0	1.0
sub-pp010	0.0	1.0	3023.0	1.0
sub-pp010	1.0	0.0	1783.0	1.0
sub-pp010	1.0	0.0	1662.0	1.0
sub-pp010	0.0	1.0	2101.0	1.0
sub-pp010	0.0	1.0	4325.0	1.0
sub-pp010	1.0	0.0	2425.0	1.0
sub-pp010	1.0	0.0	2123.0	1.0
sub-pp010	1.0	0.0	1302.0	1.0
sub-pp010	0.0	1.0	2446.0	2.0
sub-pp010	0.0	1.0	3054.0	2.0
sub-pp010	0.0	1.0	2236.0	2.0
sub-pp010	1.0	0.0	3465.0	2.0
sub-pp010	1.0	0.0	1348.0	2.0
sub-pp010	0.0	1.0	3093.0	2.0
sub-pp010	0.0	1.0	5908.0	2.0
sub-pp010	1.0	0.0	1807.0	2.0
sub-pp010	1.0	0.0	2689.0	2.0
sub-pp010	1.0	0.0	4618.0	2.0
sub-pp010	1.0	0.0	2732.0	2.0
sub-pp010	0.0	1.0	1526.0	2.0
sub-pp010	0.0	1.0	2308.0	2.0
sub-pp010	1.0	0.0	2200.0	2.0
sub-pp010	1.0	0.0	3640.0	2.0
sub-pp010	1.0	0.0	3721.0	2.0
sub-pp010	1.0	0.0	2860.0	2.0
sub-pp010	0.0	1.0	1932.0	2.0
sub-pp010	0.0	1.0	4360.0	2.0
sub-pp010	0.0	1.0	1957.0	2.0
sub-pp010	0.0	1.0	3108.0	2.0
sub-pp010	1.0	0.0	1968.0	2.0
sub-pp010	0.0	1.0	3129.0	2.0
sub-pp010	1.0	0.0	3286.0	2.0
sub-pp010	0.0	1.0	3263.0	2.0
sub-pp010	1.0	0.0	2787.0	2.0
sub-pp010	1.0	0.0	3266.0	2.0
sub-pp010	1.0	0.0	2022.0	2.0
sub-pp010	1.0	0.0	1956.0	2.0
sub-pp010	1.0	0.0	1584.0	2.0
sub-pp010	0.0	1.0	2909.0	2.0
sub-pp010	0.0	1.0	1385.0	2.0
sub-pp010	0.0	1.0	2308.0	2.0
sub-pp010	1.0	0.0	2419.0	2.0
sub-pp010	0.0	1.0	5801.0	2.0
sub-pp010	1.0	0.0	1827.0	2.0
sub-pp010	1.0	0.0	2709.0	2.0
sub-pp010	1.0	0.0	2219.0	2.0
sub-pp010	1.0	0.0	2228.0	2.0
sub-pp010	0.0	1.0	3258.0	2.0
sub-pp010	1.0	0.0	1946.0	3.0
sub-pp010	0.0	1.0	2599.0	3.0
sub-pp010	0.0	1.0	2913.0	3.0
sub-pp010	1.0	0.0	2510.0	3.0
sub-pp010	0.0	1.0	1777.0	3.0
sub-pp010	1.0	0.0	2706.0	3.0
sub-pp010	1.0	0.0	2440.0	3.0
sub-pp010	1.0	0.0	2244.0	3.0
sub-pp010	1.0	0.0	1869.0	3.0
sub-pp010	1.0	0.0	1769.0	3.0
sub-pp010	0.0	1.0	4528.0	3.0
sub-pp010	1.0	0.0	2731.0	3.0
sub-pp010	0.0	1.0	3019.0	3.0
sub-pp010	1.0	0.0	4312.0	3.0
sub-pp010	0.0	1.0	3266.0	3.0
sub-pp010	1.0	0.0	2345.0	3.0
sub-pp010	1.0	0.0	2009.0	3.0
sub-pp010	1.0	0.0	2304.0	3.0
sub-pp010	1.0	0.0	3109.0	3.0
sub-pp010	1.0	0.0	2590.0	3.0
sub-pp010	1.0	0.0	1642.0	3.0
sub-pp010	1.0	0.0	2983.0	3.0
sub-pp010	0.0	1.0	3306.0	3.0
sub-pp010	1.0	0.0	3422.0	3.0
sub-pp010	1.0	0.0	3867.0	3.0
sub-pp010	0.0	1.0	3832.0	3.0
sub-pp010	0.0	1.0	1913.0	3.0
sub-pp010	1.0	0.0	2851.0	3.0
sub-pp010	0.0	1.0	3207.0	3.0
sub-pp010	0.0	1.0	1959.0	3.0
sub-pp010	1.0	0.0	2354.0	3.0
sub-pp010	0.0	1.0	2948.0	3.0
sub-pp010	1.0	0.0	2463.0	3.0
sub-pp010	1.0	0.0	4269.0	3.0
sub-pp010	0.0	1.0	2097.0	3.0
sub-pp010	1.0	0.0	2404.0	3.0
sub-pp010	1.0	0.0	2196.0	3.0
sub-pp010	0.0	1.0	4102.0	3.0
sub-pp010	0.0	1.0	1613.0	3.0
